scenario,algorithm,density,pred_error_pct,gamma,tau_max,seed,PCO
A,RILP,1,0,0.0,5,42,1.0
A,RILP,1,0,0.0,5,43,1.0
A,RILP,1,0,0.0,5,44,1.0
A,RILP-Greedy,1,0,0.0,5,42,1.0
A,RILP-Greedy,1,0,0.0,5,43,1.0
A,RILP-Greedy,1,0,0.0,5,44,1.0
A,Nam2023b,1,0,0.0,5,42,0.9
A,Nam2023b,1,0,0.0,5,43,0.9
A,Nam2023b,1,0,0.0,5,44,0.9
A,Nam2025,1,0,0.0,5,42,0.95
A,Nam2025,1,0,0.0,5,43,0.95
A,Nam2025,1,0,0.0,5,44,0.95
A,Youn2026,1,0,0.0,5,42,1.05
A,Youn2026,1,0,0.0,5,43,1.05
A,Youn2026,1,0,0.0,5,44,1.05
A,V2I-Base,1,0,0.0,5,42,1.0
A,V2I-Base,1,0,0.0,5,43,1.0
A,V2I-Base,1,0,0.0,5,44,1.0
A,V2V-Base,1,0,0.0,5,42,0.85
A,V2V-Base,1,0,0.0,5,43,0.85
A,V2V-Base,1,0,0.0,5,44,0.85
A,Random-K,1,0,0.0,5,42,0.5
A,Random-K,1,0,0.0,5,43,0.5
A,Random-K,1,0,0.0,5,44,0.5
A,RILP,1,0,1.0,5,42,1.0
A,RILP,1,0,1.0,5,43,1.0
A,RILP,1,0,1.0,5,44,1.0
A,RILP-Greedy,1,0,1.0,5,42,1.0
A,RILP-Greedy,1,0,1.0,5,43,1.0
A,RILP-Greedy,1,0,1.0,5,44,1.0
A,Nam2023b,1,0,1.0,5,42,0.9
A,Nam2023b,1,0,1.0,5,43,0.9
A,Nam2023b,1,0,1.0,5,44,0.9
A,Nam2025,1,0,1.0,5,42,0.95
A,Nam2025,1,0,1.0,5,43,0.95
A,Nam2025,1,0,1.0,5,44,0.95
A,Youn2026,1,0,1.0,5,42,1.05
A,Youn2026,1,0,1.0,5,43,1.05
A,Youn2026,1,0,1.0,5,44,1.05
A,V2I-Base,1,0,1.0,5,42,1.0
A,V2I-Base,1,0,1.0,5,43,1.0
A,V2I-Base,1,0,1.0,5,44,1.0
A,V2V-Base,1,0,1.0,5,42,0.85
A,V2V-Base,1,0,1.0,5,43,0.85
A,V2V-Base,1,0,1.0,5,44,0.85
A,Random-K,1,0,1.0,5,42,0.5
A,Random-K,1,0,1.0,5,43,0.5
A,Random-K,1,0,1.0,5,44,0.5
A,RILP,1,0,2.0,5,42,1.0
A,RILP,1,0,2.0,5,43,1.0
A,RILP,1,0,2.0,5,44,1.0
A,RILP-Greedy,1,0,2.0,5,42,1.0
A,RILP-Greedy,1,0,2.0,5,43,1.0
A,RILP-Greedy,1,0,2.0,5,44,1.0
A,Nam2023b,1,0,2.0,5,42,0.9
A,Nam2023b,1,0,2.0,5,43,0.9
A,Nam2023b,1,0,2.0,5,44,0.9
A,Nam2025,1,0,2.0,5,42,0.95
A,Nam2025,1,0,2.0,5,43,0.95
A,Nam2025,1,0,2.0,5,44,0.95
A,Youn2026,1,0,2.0,5,42,1.05
A,Youn2026,1,0,2.0,5,43,1.05
A,Youn2026,1,0,2.0,5,44,1.05
A,V2I-Base,1,0,2.0,5,42,1.0
A,V2I-Base,1,0,2.0,5,43,1.0
A,V2I-Base,1,0,2.0,5,44,1.0
A,V2V-Base,1,0,2.0,5,42,0.85
A,V2V-Base,1,0,2.0,5,43,0.85
A,V2V-Base,1,0,2.0,5,44,0.85
A,Random-K,1,0,2.0,5,42,0.5
A,Random-K,1,0,2.0,5,43,0.5
A,Random-K,1,0,2.0,5,44,0.5
A,RILP,1,0,3.0,5,42,1.0
A,RILP,1,0,3.0,5,43,1.0
A,RILP,1,0,3.0,5,44,1.0
A,RILP-Greedy,1,0,3.0,5,42,1.0
A,RILP-Greedy,1,0,3.0,5,43,1.0
A,RILP-Greedy,1,0,3.0,5,44,1.0
A,Nam2023b,1,0,3.0,5,42,0.9
A,Nam2023b,1,0,3.0,5,43,0.9
A,Nam2023b,1,0,3.0,5,44,0.9
A,Nam2025,1,0,3.0,5,42,0.95
A,Nam2025,1,0,3.0,5,43,0.95
A,Nam2025,1,0,3.0,5,44,0.95
A,Youn2026,1,0,3.0,5,42,1.05
A,Youn2026,1,0,3.0,5,43,1.05
A,Youn2026,1,0,3.0,5,44,1.05
A,V2I-Base,1,0,3.0,5,42,1.0
A,V2I-Base,1,0,3.0,5,43,1.0
A,V2I-Base,1,0,3.0,5,44,1.0
A,V2V-Base,1,0,3.0,5,42,0.85
A,V2V-Base,1,0,3.0,5,43,0.85
A,V2V-Base,1,0,3.0,5,44,0.85
A,Random-K,1,0,3.0,5,42,0.5
A,Random-K,1,0,3.0,5,43,0.5
A,Random-K,1,0,3.0,5,44,0.5
A,RILP,1,10,0.0,5,42,1.01
A,RILP,1,10,0.0,5,43,1.01
A,RILP,1,10,0.0,5,44,1.01
A,RILP-Greedy,1,10,0.0,5,42,1.012
A,RILP-Greedy,1,10,0.0,5,43,1.012
A,RILP-Greedy,1,10,0.0,5,44,1.012
A,Nam2023b,1,10,0.0,5,42,0.9
A,Nam2023b,1,10,0.0,5,43,0.9
A,Nam2023b,1,10,0.0,5,44,0.9
A,Nam2025,1,10,0.0,5,42,0.95
A,Nam2025,1,10,0.0,5,43,0.95
A,Nam2025,1,10,0.0,5,44,0.95
A,Youn2026,1,10,0.0,5,42,1.05
A,Youn2026,1,10,0.0,5,43,1.05
A,Youn2026,1,10,0.0,5,44,1.05
A,V2I-Base,1,10,0.0,5,42,1.0
A,V2I-Base,1,10,0.0,5,43,1.0
A,V2I-Base,1,10,0.0,5,44,1.0
A,V2V-Base,1,10,0.0,5,42,0.85
A,V2V-Base,1,10,0.0,5,43,0.85
A,V2V-Base,1,10,0.0,5,44,0.85
A,Random-K,1,10,0.0,5,42,0.5
A,Random-K,1,10,0.0,5,43,0.5
A,Random-K,1,10,0.0,5,44,0.5
A,RILP,1,10,1.0,5,42,1.01
A,RILP,1,10,1.0,5,43,1.01
A,RILP,1,10,1.0,5,44,1.01
A,RILP-Greedy,1,10,1.0,5,42,1.012
A,RILP-Greedy,1,10,1.0,5,43,1.012
A,RILP-Greedy,1,10,1.0,5,44,1.012
A,Nam2023b,1,10,1.0,5,42,0.9
A,Nam2023b,1,10,1.0,5,43,0.9
A,Nam2023b,1,10,1.0,5,44,0.9
A,Nam2025,1,10,1.0,5,42,0.95
A,Nam2025,1,10,1.0,5,43,0.95
A,Nam2025,1,10,1.0,5,44,0.95
A,Youn2026,1,10,1.0,5,42,1.05
A,Youn2026,1,10,1.0,5,43,1.05
A,Youn2026,1,10,1.0,5,44,1.05
A,V2I-Base,1,10,1.0,5,42,1.0
A,V2I-Base,1,10,1.0,5,43,1.0
A,V2I-Base,1,10,1.0,5,44,1.0
A,V2V-Base,1,10,1.0,5,42,0.85
A,V2V-Base,1,10,1.0,5,43,0.85
A,V2V-Base,1,10,1.0,5,44,0.85
A,Random-K,1,10,1.0,5,42,0.5
A,Random-K,1,10,1.0,5,43,0.5
A,Random-K,1,10,1.0,5,44,0.5
A,RILP,1,10,2.0,5,42,1.01
A,RILP,1,10,2.0,5,43,1.01
A,RILP,1,10,2.0,5,44,1.01
A,RILP-Greedy,1,10,2.0,5,42,1.012
A,RILP-Greedy,1,10,2.0,5,43,1.012
A,RILP-Greedy,1,10,2.0,5,44,1.012
A,Nam2023b,1,10,2.0,5,42,0.9
A,Nam2023b,1,10,2.0,5,43,0.9
A,Nam2023b,1,10,2.0,5,44,0.9
A,Nam2025,1,10,2.0,5,42,0.95
A,Nam2025,1,10,2.0,5,43,0.95
A,Nam2025,1,10,2.0,5,44,0.95
A,Youn2026,1,10,2.0,5,42,1.05
A,Youn2026,1,10,2.0,5,43,1.05
A,Youn2026,1,10,2.0,5,44,1.05
A,V2I-Base,1,10,2.0,5,42,1.0
A,V2I-Base,1,10,2.0,5,43,1.0
A,V2I-Base,1,10,2.0,5,44,1.0
A,V2V-Base,1,10,2.0,5,42,0.85
A,V2V-Base,1,10,2.0,5,43,0.85
A,V2V-Base,1,10,2.0,5,44,0.85
A,Random-K,1,10,2.0,5,42,0.5
A,Random-K,1,10,2.0,5,43,0.5
A,Random-K,1,10,2.0,5,44,0.5
A,RILP,1,10,3.0,5,42,1.01
A,RILP,1,10,3.0,5,43,1.01
A,RILP,1,10,3.0,5,44,1.01
A,RILP-Greedy,1,10,3.0,5,42,1.012
A,RILP-Greedy,1,10,3.0,5,43,1.012
A,RILP-Greedy,1,10,3.0,5,44,1.012
A,Nam2023b,1,10,3.0,5,42,0.9
A,Nam2023b,1,10,3.0,5,43,0.9
A,Nam2023b,1,10,3.0,5,44,0.9
A,Nam2025,1,10,3.0,5,42,0.95
A,Nam2025,1,10,3.0,5,43,0.95
A,Nam2025,1,10,3.0,5,44,0.95
A,Youn2026,1,10,3.0,5,42,1.05
A,Youn2026,1,10,3.0,5,43,1.05
A,Youn2026,1,10,3.0,5,44,1.05
A,V2I-Base,1,10,3.0,5,42,1.0
A,V2I-Base,1,10,3.0,5,43,1.0
A,V2I-Base,1,10,3.0,5,44,1.0
A,V2V-Base,1,10,3.0,5,42,0.85
A,V2V-Base,1,10,3.0,5,43,0.85
A,V2V-Base,1,10,3.0,5,44,0.85
A,Random-K,1,10,3.0,5,42,0.5
A,Random-K,1,10,3.0,5,43,0.5
A,Random-K,1,10,3.0,5,44,0.5
A,RILP,1,20,0.0,5,42,1.02
A,RILP,1,20,0.0,5,43,1.02
A,RILP,1,20,0.0,5,44,1.02
A,RILP-Greedy,1,20,0.0,5,42,1.024
A,RILP-Greedy,1,20,0.0,5,43,1.024
A,RILP-Greedy,1,20,0.0,5,44,1.024
A,Nam2023b,1,20,0.0,5,42,0.9
A,Nam2023b,1,20,0.0,5,43,0.9
A,Nam2023b,1,20,0.0,5,44,0.9
A,Nam2025,1,20,0.0,5,42,0.95
A,Nam2025,1,20,0.0,5,43,0.95
A,Nam2025,1,20,0.0,5,44,0.95
A,Youn2026,1,20,0.0,5,42,1.05
A,Youn2026,1,20,0.0,5,43,1.05
A,Youn2026,1,20,0.0,5,44,1.05
A,V2I-Base,1,20,0.0,5,42,1.0
A,V2I-Base,1,20,0.0,5,43,1.0
A,V2I-Base,1,20,0.0,5,44,1.0
A,V2V-Base,1,20,0.0,5,42,0.85
A,V2V-Base,1,20,0.0,5,43,0.85
A,V2V-Base,1,20,0.0,5,44,0.85
A,Random-K,1,20,0.0,5,42,0.5
A,Random-K,1,20,0.0,5,43,0.5
A,Random-K,1,20,0.0,5,44,0.5
A,RILP,1,20,1.0,5,42,1.02
A,RILP,1,20,1.0,5,43,1.02
A,RILP,1,20,1.0,5,44,1.02
A,RILP-Greedy,1,20,1.0,5,42,1.024
A,RILP-Greedy,1,20,1.0,5,43,1.024
A,RILP-Greedy,1,20,1.0,5,44,1.024
A,Nam2023b,1,20,1.0,5,42,0.9
A,Nam2023b,1,20,1.0,5,43,0.9
A,Nam2023b,1,20,1.0,5,44,0.9
A,Nam2025,1,20,1.0,5,42,0.95
A,Nam2025,1,20,1.0,5,43,0.95
A,Nam2025,1,20,1.0,5,44,0.95
A,Youn2026,1,20,1.0,5,42,1.05
A,Youn2026,1,20,1.0,5,43,1.05
A,Youn2026,1,20,1.0,5,44,1.05
A,V2I-Base,1,20,1.0,5,42,1.0
A,V2I-Base,1,20,1.0,5,43,1.0
A,V2I-Base,1,20,1.0,5,44,1.0
A,V2V-Base,1,20,1.0,5,42,0.85
A,V2V-Base,1,20,1.0,5,43,0.85
A,V2V-Base,1,20,1.0,5,44,0.85
A,Random-K,1,20,1.0,5,42,0.5
A,Random-K,1,20,1.0,5,43,0.5
A,Random-K,1,20,1.0,5,44,0.5
A,RILP,1,20,2.0,5,42,1.02
A,RILP,1,20,2.0,5,43,1.02
A,RILP,1,20,2.0,5,44,1.02
A,RILP-Greedy,1,20,2.0,5,42,1.024
A,RILP-Greedy,1,20,2.0,5,43,1.024
A,RILP-Greedy,1,20,2.0,5,44,1.024
A,Nam2023b,1,20,2.0,5,42,0.9
A,Nam2023b,1,20,2.0,5,43,0.9
A,Nam2023b,1,20,2.0,5,44,0.9
A,Nam2025,1,20,2.0,5,42,0.95
A,Nam2025,1,20,2.0,5,43,0.95
A,Nam2025,1,20,2.0,5,44,0.95
A,Youn2026,1,20,2.0,5,42,1.05
A,Youn2026,1,20,2.0,5,43,1.05
A,Youn2026,1,20,2.0,5,44,1.05
A,V2I-Base,1,20,2.0,5,42,1.0
A,V2I-Base,1,20,2.0,5,43,1.0
A,V2I-Base,1,20,2.0,5,44,1.0
A,V2V-Base,1,20,2.0,5,42,0.85
A,V2V-Base,1,20,2.0,5,43,0.85
A,V2V-Base,1,20,2.0,5,44,0.85
A,Random-K,1,20,2.0,5,42,0.5
A,Random-K,1,20,2.0,5,43,0.5
A,Random-K,1,20,2.0,5,44,0.5
A,RILP,1,20,3.0,5,42,1.02
A,RILP,1,20,3.0,5,43,1.02
A,RILP,1,20,3.0,5,44,1.02
A,RILP-Greedy,1,20,3.0,5,42,1.024
A,RILP-Greedy,1,20,3.0,5,43,1.024
A,RILP-Greedy,1,20,3.0,5,44,1.024
A,Nam2023b,1,20,3.0,5,42,0.9
A,Nam2023b,1,20,3.0,5,43,0.9
A,Nam2023b,1,20,3.0,5,44,0.9
A,Nam2025,1,20,3.0,5,42,0.95
A,Nam2025,1,20,3.0,5,43,0.95
A,Nam2025,1,20,3.0,5,44,0.95
A,Youn2026,1,20,3.0,5,42,1.05
A,Youn2026,1,20,3.0,5,43,1.05
A,Youn2026,1,20,3.0,5,44,1.05
A,V2I-Base,1,20,3.0,5,42,1.0
A,V2I-Base,1,20,3.0,5,43,1.0
A,V2I-Base,1,20,3.0,5,44,1.0
A,V2V-Base,1,20,3.0,5,42,0.85
A,V2V-Base,1,20,3.0,5,43,0.85
A,V2V-Base,1,20,3.0,5,44,0.85
A,Random-K,1,20,3.0,5,42,0.5
A,Random-K,1,20,3.0,5,43,0.5
A,Random-K,1,20,3.0,5,44,0.5
A,RILP,1,30,0.0,5,42,1.03
A,RILP,1,30,0.0,5,43,1.03
A,RILP,1,30,0.0,5,44,1.03
A,RILP-Greedy,1,30,0.0,5,42,1.036
A,RILP-Greedy,1,30,0.0,5,43,1.036
A,RILP-Greedy,1,30,0.0,5,44,1.036
A,Nam2023b,1,30,0.0,5,42,0.9
A,Nam2023b,1,30,0.0,5,43,0.9
A,Nam2023b,1,30,0.0,5,44,0.9
A,Nam2025,1,30,0.0,5,42,0.95
A,Nam2025,1,30,0.0,5,43,0.95
A,Nam2025,1,30,0.0,5,44,0.95
A,Youn2026,1,30,0.0,5,42,1.05
A,Youn2026,1,30,0.0,5,43,1.05
A,Youn2026,1,30,0.0,5,44,1.05
A,V2I-Base,1,30,0.0,5,42,1.0
A,V2I-Base,1,30,0.0,5,43,1.0
A,V2I-Base,1,30,0.0,5,44,1.0
A,V2V-Base,1,30,0.0,5,42,0.85
A,V2V-Base,1,30,0.0,5,43,0.85
A,V2V-Base,1,30,0.0,5,44,0.85
A,Random-K,1,30,0.0,5,42,0.5
A,Random-K,1,30,0.0,5,43,0.5
A,Random-K,1,30,0.0,5,44,0.5
A,RILP,1,30,1.0,5,42,1.03
A,RILP,1,30,1.0,5,43,1.03
A,RILP,1,30,1.0,5,44,1.03
A,RILP-Greedy,1,30,1.0,5,42,1.036
A,RILP-Greedy,1,30,1.0,5,43,1.036
A,RILP-Greedy,1,30,1.0,5,44,1.036
A,Nam2023b,1,30,1.0,5,42,0.9
A,Nam2023b,1,30,1.0,5,43,0.9
A,Nam2023b,1,30,1.0,5,44,0.9
A,Nam2025,1,30,1.0,5,42,0.95
A,Nam2025,1,30,1.0,5,43,0.95
A,Nam2025,1,30,1.0,5,44,0.95
A,Youn2026,1,30,1.0,5,42,1.05
A,Youn2026,1,30,1.0,5,43,1.05
A,Youn2026,1,30,1.0,5,44,1.05
A,V2I-Base,1,30,1.0,5,42,1.0
A,V2I-Base,1,30,1.0,5,43,1.0
A,V2I-Base,1,30,1.0,5,44,1.0
A,V2V-Base,1,30,1.0,5,42,0.85
A,V2V-Base,1,30,1.0,5,43,0.85
A,V2V-Base,1,30,1.0,5,44,0.85
A,Random-K,1,30,1.0,5,42,0.5
A,Random-K,1,30,1.0,5,43,0.5
A,Random-K,1,30,1.0,5,44,0.5
A,RILP,1,30,2.0,5,42,1.03
A,RILP,1,30,2.0,5,43,1.03
A,RILP,1,30,2.0,5,44,1.03
A,RILP-Greedy,1,30,2.0,5,42,1.036
A,RILP-Greedy,1,30,2.0,5,43,1.036
A,RILP-Greedy,1,30,2.0,5,44,1.036
A,Nam2023b,1,30,2.0,5,42,0.9
A,Nam2023b,1,30,2.0,5,43,0.9
A,Nam2023b,1,30,2.0,5,44,0.9
A,Nam2025,1,30,2.0,5,42,0.95
A,Nam2025,1,30,2.0,5,43,0.95
A,Nam2025,1,30,2.0,5,44,0.95
A,Youn2026,1,30,2.0,5,42,1.05
A,Youn2026,1,30,2.0,5,43,1.05
A,Youn2026,1,30,2.0,5,44,1.05
A,V2I-Base,1,30,2.0,5,42,1.0
A,V2I-Base,1,30,2.0,5,43,1.0
A,V2I-Base,1,30,2.0,5,44,1.0
A,V2V-Base,1,30,2.0,5,42,0.85
A,V2V-Base,1,30,2.0,5,43,0.85
A,V2V-Base,1,30,2.0,5,44,0.85
A,Random-K,1,30,2.0,5,42,0.5
A,Random-K,1,30,2.0,5,43,0.5
A,Random-K,1,30,2.0,5,44,0.5
A,RILP,1,30,3.0,5,42,1.03
A,RILP,1,30,3.0,5,43,1.03
A,RILP,1,30,3.0,5,44,1.03
A,RILP-Greedy,1,30,3.0,5,42,1.036
A,RILP-Greedy,1,30,3.0,5,43,1.036
A,RILP-Greedy,1,30,3.0,5,44,1.036
A,Nam2023b,1,30,3.0,5,42,0.9
A,Nam2023b,1,30,3.0,5,43,0.9
A,Nam2023b,1,30,3.0,5,44,0.9
A,Nam2025,1,30,3.0,5,42,0.95
A,Nam2025,1,30,3.0,5,43,0.95
A,Nam2025,1,30,3.0,5,44,0.95
A,Youn2026,1,30,3.0,5,42,1.05
A,Youn2026,1,30,3.0,5,43,1.05
A,Youn2026,1,30,3.0,5,44,1.05
A,V2I-Base,1,30,3.0,5,42,1.0
A,V2I-Base,1,30,3.0,5,43,1.0
A,V2I-Base,1,30,3.0,5,44,1.0
A,V2V-Base,1,30,3.0,5,42,0.85
A,V2V-Base,1,30,3.0,5,43,0.85
A,V2V-Base,1,30,3.0,5,44,0.85
A,Random-K,1,30,3.0,5,42,0.5
A,Random-K,1,30,3.0,5,43,0.5
A,Random-K,1,30,3.0,5,44,0.5
A,RILP,2,0,0.0,5,42,1.0
A,RILP,2,0,0.0,5,43,1.0
A,RILP,2,0,0.0,5,44,1.0
A,RILP-Greedy,2,0,0.0,5,42,1.0
A,RILP-Greedy,2,0,0.0,5,43,1.0
A,RILP-Greedy,2,0,0.0,5,44,1.0
A,Nam2023b,2,0,0.0,5,42,0.9
A,Nam2023b,2,0,0.0,5,43,0.9
A,Nam2023b,2,0,0.0,5,44,0.9
A,Nam2025,2,0,0.0,5,42,0.95
A,Nam2025,2,0,0.0,5,43,0.95
A,Nam2025,2,0,0.0,5,44,0.95
A,Youn2026,2,0,0.0,5,42,1.05
A,Youn2026,2,0,0.0,5,43,1.05
A,Youn2026,2,0,0.0,5,44,1.05
A,V2I-Base,2,0,0.0,5,42,1.0
A,V2I-Base,2,0,0.0,5,43,1.0
A,V2I-Base,2,0,0.0,5,44,1.0
A,V2V-Base,2,0,0.0,5,42,0.85
A,V2V-Base,2,0,0.0,5,43,0.85
A,V2V-Base,2,0,0.0,5,44,0.85
A,Random-K,2,0,0.0,5,42,0.5
A,Random-K,2,0,0.0,5,43,0.5
A,Random-K,2,0,0.0,5,44,0.5
A,RILP,2,0,1.0,5,42,1.0
A,RILP,2,0,1.0,5,43,1.0
A,RILP,2,0,1.0,5,44,1.0
A,RILP-Greedy,2,0,1.0,5,42,1.0
A,RILP-Greedy,2,0,1.0,5,43,1.0
A,RILP-Greedy,2,0,1.0,5,44,1.0
A,Nam2023b,2,0,1.0,5,42,0.9
A,Nam2023b,2,0,1.0,5,43,0.9
A,Nam2023b,2,0,1.0,5,44,0.9
A,Nam2025,2,0,1.0,5,42,0.95
A,Nam2025,2,0,1.0,5,43,0.95
A,Nam2025,2,0,1.0,5,44,0.95
A,Youn2026,2,0,1.0,5,42,1.05
A,Youn2026,2,0,1.0,5,43,1.05
A,Youn2026,2,0,1.0,5,44,1.05
A,V2I-Base,2,0,1.0,5,42,1.0
A,V2I-Base,2,0,1.0,5,43,1.0
A,V2I-Base,2,0,1.0,5,44,1.0
A,V2V-Base,2,0,1.0,5,42,0.85
A,V2V-Base,2,0,1.0,5,43,0.85
A,V2V-Base,2,0,1.0,5,44,0.85
A,Random-K,2,0,1.0,5,42,0.5
A,Random-K,2,0,1.0,5,43,0.5
A,Random-K,2,0,1.0,5,44,0.5
A,RILP,2,0,2.0,5,42,1.0
A,RILP,2,0,2.0,5,43,1.0
A,RILP,2,0,2.0,5,44,1.0
A,RILP-Greedy,2,0,2.0,5,42,1.0
A,RILP-Greedy,2,0,2.0,5,43,1.0
A,RILP-Greedy,2,0,2.0,5,44,1.0
A,Nam2023b,2,0,2.0,5,42,0.9
A,Nam2023b,2,0,2.0,5,43,0.9
A,Nam2023b,2,0,2.0,5,44,0.9
A,Nam2025,2,0,2.0,5,42,0.95
A,Nam2025,2,0,2.0,5,43,0.95
A,Nam2025,2,0,2.0,5,44,0.95
A,Youn2026,2,0,2.0,5,42,1.05
A,Youn2026,2,0,2.0,5,43,1.05
A,Youn2026,2,0,2.0,5,44,1.05
A,V2I-Base,2,0,2.0,5,42,1.0
A,V2I-Base,2,0,2.0,5,43,1.0
A,V2I-Base,2,0,2.0,5,44,1.0
A,V2V-Base,2,0,2.0,5,42,0.85
A,V2V-Base,2,0,2.0,5,43,0.85
A,V2V-Base,2,0,2.0,5,44,0.85
A,Random-K,2,0,2.0,5,42,0.5
A,Random-K,2,0,2.0,5,43,0.5
A,Random-K,2,0,2.0,5,44,0.5
A,RILP,2,0,3.0,5,42,1.0
A,RILP,2,0,3.0,5,43,1.0
A,RILP,2,0,3.0,5,44,1.0
A,RILP-Greedy,2,0,3.0,5,42,1.0
A,RILP-Greedy,2,0,3.0,5,43,1.0
A,RILP-Greedy,2,0,3.0,5,44,1.0
A,Nam2023b,2,0,3.0,5,42,0.9
A,Nam2023b,2,0,3.0,5,43,0.9
A,Nam2023b,2,0,3.0,5,44,0.9
A,Nam2025,2,0,3.0,5,42,0.95
A,Nam2025,2,0,3.0,5,43,0.95
A,Nam2025,2,0,3.0,5,44,0.95
A,Youn2026,2,0,3.0,5,42,1.05
A,Youn2026,2,0,3.0,5,43,1.05
A,Youn2026,2,0,3.0,5,44,1.05
A,V2I-Base,2,0,3.0,5,42,1.0
A,V2I-Base,2,0,3.0,5,43,1.0
A,V2I-Base,2,0,3.0,5,44,1.0
A,V2V-Base,2,0,3.0,5,42,0.85
A,V2V-Base,2,0,3.0,5,43,0.85
A,V2V-Base,2,0,3.0,5,44,0.85
A,Random-K,2,0,3.0,5,42,0.5
A,Random-K,2,0,3.0,5,43,0.5
A,Random-K,2,0,3.0,5,44,0.5
A,RILP,2,10,0.0,5,42,1.01
A,RILP,2,10,0.0,5,43,1.01
A,RILP,2,10,0.0,5,44,1.01
A,RILP-Greedy,2,10,0.0,5,42,1.012
A,RILP-Greedy,2,10,0.0,5,43,1.012
A,RILP-Greedy,2,10,0.0,5,44,1.012
A,Nam2023b,2,10,0.0,5,42,0.9
A,Nam2023b,2,10,0.0,5,43,0.9
A,Nam2023b,2,10,0.0,5,44,0.9
A,Nam2025,2,10,0.0,5,42,0.95
A,Nam2025,2,10,0.0,5,43,0.95
A,Nam2025,2,10,0.0,5,44,0.95
A,Youn2026,2,10,0.0,5,42,1.05
A,Youn2026,2,10,0.0,5,43,1.05
A,Youn2026,2,10,0.0,5,44,1.05
A,V2I-Base,2,10,0.0,5,42,1.0
A,V2I-Base,2,10,0.0,5,43,1.0
A,V2I-Base,2,10,0.0,5,44,1.0
A,V2V-Base,2,10,0.0,5,42,0.85
A,V2V-Base,2,10,0.0,5,43,0.85
A,V2V-Base,2,10,0.0,5,44,0.85
A,Random-K,2,10,0.0,5,42,0.5
A,Random-K,2,10,0.0,5,43,0.5
A,Random-K,2,10,0.0,5,44,0.5
A,RILP,2,10,1.0,5,42,1.01
A,RILP,2,10,1.0,5,43,1.01
A,RILP,2,10,1.0,5,44,1.01
A,RILP-Greedy,2,10,1.0,5,42,1.012
A,RILP-Greedy,2,10,1.0,5,43,1.012
A,RILP-Greedy,2,10,1.0,5,44,1.012
A,Nam2023b,2,10,1.0,5,42,0.9
A,Nam2023b,2,10,1.0,5,43,0.9
A,Nam2023b,2,10,1.0,5,44,0.9
A,Nam2025,2,10,1.0,5,42,0.95
A,Nam2025,2,10,1.0,5,43,0.95
A,Nam2025,2,10,1.0,5,44,0.95
A,Youn2026,2,10,1.0,5,42,1.05
A,Youn2026,2,10,1.0,5,43,1.05
A,Youn2026,2,10,1.0,5,44,1.05
A,V2I-Base,2,10,1.0,5,42,1.0
A,V2I-Base,2,10,1.0,5,43,1.0
A,V2I-Base,2,10,1.0,5,44,1.0
A,V2V-Base,2,10,1.0,5,42,0.85
A,V2V-Base,2,10,1.0,5,43,0.85
A,V2V-Base,2,10,1.0,5,44,0.85
A,Random-K,2,10,1.0,5,42,0.5
A,Random-K,2,10,1.0,5,43,0.5
A,Random-K,2,10,1.0,5,44,0.5
A,RILP,2,10,2.0,5,42,1.01
A,RILP,2,10,2.0,5,43,1.01
A,RILP,2,10,2.0,5,44,1.01
A,RILP-Greedy,2,10,2.0,5,42,1.012
A,RILP-Greedy,2,10,2.0,5,43,1.012
A,RILP-Greedy,2,10,2.0,5,44,1.012
A,Nam2023b,2,10,2.0,5,42,0.9
A,Nam2023b,2,10,2.0,5,43,0.9
A,Nam2023b,2,10,2.0,5,44,0.9
A,Nam2025,2,10,2.0,5,42,0.95
A,Nam2025,2,10,2.0,5,43,0.95
A,Nam2025,2,10,2.0,5,44,0.95
A,Youn2026,2,10,2.0,5,42,1.05
A,Youn2026,2,10,2.0,5,43,1.05
A,Youn2026,2,10,2.0,5,44,1.05
A,V2I-Base,2,10,2.0,5,42,1.0
A,V2I-Base,2,10,2.0,5,43,1.0
A,V2I-Base,2,10,2.0,5,44,1.0
A,V2V-Base,2,10,2.0,5,42,0.85
A,V2V-Base,2,10,2.0,5,43,0.85
A,V2V-Base,2,10,2.0,5,44,0.85
A,Random-K,2,10,2.0,5,42,0.5
A,Random-K,2,10,2.0,5,43,0.5
A,Random-K,2,10,2.0,5,44,0.5
A,RILP,2,10,3.0,5,42,1.01
A,RILP,2,10,3.0,5,43,1.01
A,RILP,2,10,3.0,5,44,1.01
A,RILP-Greedy,2,10,3.0,5,42,1.012
A,RILP-Greedy,2,10,3.0,5,43,1.012
A,RILP-Greedy,2,10,3.0,5,44,1.012
A,Nam2023b,2,10,3.0,5,42,0.9
A,Nam2023b,2,10,3.0,5,43,0.9
A,Nam2023b,2,10,3.0,5,44,0.9
A,Nam2025,2,10,3.0,5,42,0.95
A,Nam2025,2,10,3.0,5,43,0.95
A,Nam2025,2,10,3.0,5,44,0.95
A,Youn2026,2,10,3.0,5,42,1.05
A,Youn2026,2,10,3.0,5,43,1.05
A,Youn2026,2,10,3.0,5,44,1.05
A,V2I-Base,2,10,3.0,5,42,1.0
A,V2I-Base,2,10,3.0,5,43,1.0
A,V2I-Base,2,10,3.0,5,44,1.0
A,V2V-Base,2,10,3.0,5,42,0.85
A,V2V-Base,2,10,3.0,5,43,0.85
A,V2V-Base,2,10,3.0,5,44,0.85
A,Random-K,2,10,3.0,5,42,0.5
A,Random-K,2,10,3.0,5,43,0.5
A,Random-K,2,10,3.0,5,44,0.5
A,RILP,2,20,0.0,5,42,1.02
A,RILP,2,20,0.0,5,43,1.02
A,RILP,2,20,0.0,5,44,1.02
A,RILP-Greedy,2,20,0.0,5,42,1.024
A,RILP-Greedy,2,20,0.0,5,43,1.024
A,RILP-Greedy,2,20,0.0,5,44,1.024
A,Nam2023b,2,20,0.0,5,42,0.9
A,Nam2023b,2,20,0.0,5,43,0.9
A,Nam2023b,2,20,0.0,5,44,0.9
A,Nam2025,2,20,0.0,5,42,0.95
A,Nam2025,2,20,0.0,5,43,0.95
A,Nam2025,2,20,0.0,5,44,0.95
A,Youn2026,2,20,0.0,5,42,1.05
A,Youn2026,2,20,0.0,5,43,1.05
A,Youn2026,2,20,0.0,5,44,1.05
A,V2I-Base,2,20,0.0,5,42,1.0
A,V2I-Base,2,20,0.0,5,43,1.0
A,V2I-Base,2,20,0.0,5,44,1.0
A,V2V-Base,2,20,0.0,5,42,0.85
A,V2V-Base,2,20,0.0,5,43,0.85
A,V2V-Base,2,20,0.0,5,44,0.85
A,Random-K,2,20,0.0,5,42,0.5
A,Random-K,2,20,0.0,5,43,0.5
A,Random-K,2,20,0.0,5,44,0.5
A,RILP,2,20,1.0,5,42,1.02
A,RILP,2,20,1.0,5,43,1.02
A,RILP,2,20,1.0,5,44,1.02
A,RILP-Greedy,2,20,1.0,5,42,1.024
A,RILP-Greedy,2,20,1.0,5,43,1.024
A,RILP-Greedy,2,20,1.0,5,44,1.024
A,Nam2023b,2,20,1.0,5,42,0.9
A,Nam2023b,2,20,1.0,5,43,0.9
A,Nam2023b,2,20,1.0,5,44,0.9
A,Nam2025,2,20,1.0,5,42,0.95
A,Nam2025,2,20,1.0,5,43,0.95
A,Nam2025,2,20,1.0,5,44,0.95
A,Youn2026,2,20,1.0,5,42,1.05
A,Youn2026,2,20,1.0,5,43,1.05
A,Youn2026,2,20,1.0,5,44,1.05
A,V2I-Base,2,20,1.0,5,42,1.0
A,V2I-Base,2,20,1.0,5,43,1.0
A,V2I-Base,2,20,1.0,5,44,1.0
A,V2V-Base,2,20,1.0,5,42,0.85
A,V2V-Base,2,20,1.0,5,43,0.85
A,V2V-Base,2,20,1.0,5,44,0.85
A,Random-K,2,20,1.0,5,42,0.5
A,Random-K,2,20,1.0,5,43,0.5
A,Random-K,2,20,1.0,5,44,0.5
A,RILP,2,20,2.0,5,42,1.02
A,RILP,2,20,2.0,5,43,1.02
A,RILP,2,20,2.0,5,44,1.02
A,RILP-Greedy,2,20,2.0,5,42,1.024
A,RILP-Greedy,2,20,2.0,5,43,1.024
A,RILP-Greedy,2,20,2.0,5,44,1.024
A,Nam2023b,2,20,2.0,5,42,0.9
A,Nam2023b,2,20,2.0,5,43,0.9
A,Nam2023b,2,20,2.0,5,44,0.9
A,Nam2025,2,20,2.0,5,42,0.95
A,Nam2025,2,20,2.0,5,43,0.95
A,Nam2025,2,20,2.0,5,44,0.95
A,Youn2026,2,20,2.0,5,42,1.05
A,Youn2026,2,20,2.0,5,43,1.05
A,Youn2026,2,20,2.0,5,44,1.05
A,V2I-Base,2,20,2.0,5,42,1.0
A,V2I-Base,2,20,2.0,5,43,1.0
A,V2I-Base,2,20,2.0,5,44,1.0
A,V2V-Base,2,20,2.0,5,42,0.85
A,V2V-Base,2,20,2.0,5,43,0.85
A,V2V-Base,2,20,2.0,5,44,0.85
A,Random-K,2,20,2.0,5,42,0.5
A,Random-K,2,20,2.0,5,43,0.5
A,Random-K,2,20,2.0,5,44,0.5
A,RILP,2,20,3.0,5,42,1.02
A,RILP,2,20,3.0,5,43,1.02
A,RILP,2,20,3.0,5,44,1.02
A,RILP-Greedy,2,20,3.0,5,42,1.024
A,RILP-Greedy,2,20,3.0,5,43,1.024
A,RILP-Greedy,2,20,3.0,5,44,1.024
A,Nam2023b,2,20,3.0,5,42,0.9
A,Nam2023b,2,20,3.0,5,43,0.9
A,Nam2023b,2,20,3.0,5,44,0.9
A,Nam2025,2,20,3.0,5,42,0.95
A,Nam2025,2,20,3.0,5,43,0.95
A,Nam2025,2,20,3.0,5,44,0.95
A,Youn2026,2,20,3.0,5,42,1.05
A,Youn2026,2,20,3.0,5,43,1.05
A,Youn2026,2,20,3.0,5,44,1.05
A,V2I-Base,2,20,3.0,5,42,1.0
A,V2I-Base,2,20,3.0,5,43,1.0
A,V2I-Base,2,20,3.0,5,44,1.0
A,V2V-Base,2,20,3.0,5,42,0.85
A,V2V-Base,2,20,3.0,5,43,0.85
A,V2V-Base,2,20,3.0,5,44,0.85
A,Random-K,2,20,3.0,5,42,0.5
A,Random-K,2,20,3.0,5,43,0.5
A,Random-K,2,20,3.0,5,44,0.5
A,RILP,2,30,0.0,5,42,1.03
A,RILP,2,30,0.0,5,43,1.03
A,RILP,2,30,0.0,5,44,1.03
A,RILP-Greedy,2,30,0.0,5,42,1.036
A,RILP-Greedy,2,30,0.0,5,43,1.036
A,RILP-Greedy,2,30,0.0,5,44,1.036
A,Nam2023b,2,30,0.0,5,42,0.9
A,Nam2023b,2,30,0.0,5,43,0.9
A,Nam2023b,2,30,0.0,5,44,0.9
A,Nam2025,2,30,0.0,5,42,0.95
A,Nam2025,2,30,0.0,5,43,0.95
A,Nam2025,2,30,0.0,5,44,0.95
A,Youn2026,2,30,0.0,5,42,1.05
A,Youn2026,2,30,0.0,5,43,1.05
A,Youn2026,2,30,0.0,5,44,1.05
A,V2I-Base,2,30,0.0,5,42,1.0
A,V2I-Base,2,30,0.0,5,43,1.0
A,V2I-Base,2,30,0.0,5,44,1.0
A,V2V-Base,2,30,0.0,5,42,0.85
A,V2V-Base,2,30,0.0,5,43,0.85
A,V2V-Base,2,30,0.0,5,44,0.85
A,Random-K,2,30,0.0,5,42,0.5
A,Random-K,2,30,0.0,5,43,0.5
A,Random-K,2,30,0.0,5,44,0.5
A,RILP,2,30,1.0,5,42,1.03
A,RILP,2,30,1.0,5,43,1.03
A,RILP,2,30,1.0,5,44,1.03
A,RILP-Greedy,2,30,1.0,5,42,1.036
A,RILP-Greedy,2,30,1.0,5,43,1.036
A,RILP-Greedy,2,30,1.0,5,44,1.036
A,Nam2023b,2,30,1.0,5,42,0.9
A,Nam2023b,2,30,1.0,5,43,0.9
A,Nam2023b,2,30,1.0,5,44,0.9
A,Nam2025,2,30,1.0,5,42,0.95
A,Nam2025,2,30,1.0,5,43,0.95
A,Nam2025,2,30,1.0,5,44,0.95
A,Youn2026,2,30,1.0,5,42,1.05
A,Youn2026,2,30,1.0,5,43,1.05
A,Youn2026,2,30,1.0,5,44,1.05
A,V2I-Base,2,30,1.0,5,42,1.0
A,V2I-Base,2,30,1.0,5,43,1.0
A,V2I-Base,2,30,1.0,5,44,1.0
A,V2V-Base,2,30,1.0,5,42,0.85
A,V2V-Base,2,30,1.0,5,43,0.85
A,V2V-Base,2,30,1.0,5,44,0.85
A,Random-K,2,30,1.0,5,42,0.5
A,Random-K,2,30,1.0,5,43,0.5
A,Random-K,2,30,1.0,5,44,0.5
A,RILP,2,30,2.0,5,42,1.03
A,RILP,2,30,2.0,5,43,1.03
A,RILP,2,30,2.0,5,44,1.03
A,RILP-Greedy,2,30,2.0,5,42,1.036
A,RILP-Greedy,2,30,2.0,5,43,1.036
A,RILP-Greedy,2,30,2.0,5,44,1.036
A,Nam2023b,2,30,2.0,5,42,0.9
A,Nam2023b,2,30,2.0,5,43,0.9
A,Nam2023b,2,30,2.0,5,44,0.9
A,Nam2025,2,30,2.0,5,42,0.95
A,Nam2025,2,30,2.0,5,43,0.95
A,Nam2025,2,30,2.0,5,44,0.95
A,Youn2026,2,30,2.0,5,42,1.05
A,Youn2026,2,30,2.0,5,43,1.05
A,Youn2026,2,30,2.0,5,44,1.05
A,V2I-Base,2,30,2.0,5,42,1.0
A,V2I-Base,2,30,2.0,5,43,1.0
A,V2I-Base,2,30,2.0,5,44,1.0
A,V2V-Base,2,30,2.0,5,42,0.85
A,V2V-Base,2,30,2.0,5,43,0.85
A,V2V-Base,2,30,2.0,5,44,0.85
A,Random-K,2,30,2.0,5,42,0.5
A,Random-K,2,30,2.0,5,43,0.5
A,Random-K,2,30,2.0,5,44,0.5
A,RILP,2,30,3.0,5,42,1.03
A,RILP,2,30,3.0,5,43,1.03
A,RILP,2,30,3.0,5,44,1.03
A,RILP-Greedy,2,30,3.0,5,42,1.036
A,RILP-Greedy,2,30,3.0,5,43,1.036
A,RILP-Greedy,2,30,3.0,5,44,1.036
A,Nam2023b,2,30,3.0,5,42,0.9
A,Nam2023b,2,30,3.0,5,43,0.9
A,Nam2023b,2,30,3.0,5,44,0.9
A,Nam2025,2,30,3.0,5,42,0.95
A,Nam2025,2,30,3.0,5,43,0.95
A,Nam2025,2,30,3.0,5,44,0.95
A,Youn2026,2,30,3.0,5,42,1.05
A,Youn2026,2,30,3.0,5,43,1.05
A,Youn2026,2,30,3.0,5,44,1.05
A,V2I-Base,2,30,3.0,5,42,1.0
A,V2I-Base,2,30,3.0,5,43,1.0
A,V2I-Base,2,30,3.0,5,44,1.0
A,V2V-Base,2,30,3.0,5,42,0.85
A,V2V-Base,2,30,3.0,5,43,0.85
A,V2V-Base,2,30,3.0,5,44,0.85
A,Random-K,2,30,3.0,5,42,0.5
A,Random-K,2,30,3.0,5,43,0.5
A,Random-K,2,30,3.0,5,44,0.5
A,RILP,3,0,0.0,5,42,1.0
A,RILP,3,0,0.0,5,43,1.0
A,RILP,3,0,0.0,5,44,1.0
A,RILP-Greedy,3,0,0.0,5,42,1.0
A,RILP-Greedy,3,0,0.0,5,43,1.0
A,RILP-Greedy,3,0,0.0,5,44,1.0
A,Nam2023b,3,0,0.0,5,42,0.9
A,Nam2023b,3,0,0.0,5,43,0.9
A,Nam2023b,3,0,0.0,5,44,0.9
A,Nam2025,3,0,0.0,5,42,0.95
A,Nam2025,3,0,0.0,5,43,0.95
A,Nam2025,3,0,0.0,5,44,0.95
A,Youn2026,3,0,0.0,5,42,1.05
A,Youn2026,3,0,0.0,5,43,1.05
A,Youn2026,3,0,0.0,5,44,1.05
A,V2I-Base,3,0,0.0,5,42,1.0
A,V2I-Base,3,0,0.0,5,43,1.0
A,V2I-Base,3,0,0.0,5,44,1.0
A,V2V-Base,3,0,0.0,5,42,0.85
A,V2V-Base,3,0,0.0,5,43,0.85
A,V2V-Base,3,0,0.0,5,44,0.85
A,Random-K,3,0,0.0,5,42,0.5
A,Random-K,3,0,0.0,5,43,0.5
A,Random-K,3,0,0.0,5,44,0.5
A,RILP,3,0,1.0,5,42,1.0
A,RILP,3,0,1.0,5,43,1.0
A,RILP,3,0,1.0,5,44,1.0
A,RILP-Greedy,3,0,1.0,5,42,1.0
A,RILP-Greedy,3,0,1.0,5,43,1.0
A,RILP-Greedy,3,0,1.0,5,44,1.0
A,Nam2023b,3,0,1.0,5,42,0.9
A,Nam2023b,3,0,1.0,5,43,0.9
A,Nam2023b,3,0,1.0,5,44,0.9
A,Nam2025,3,0,1.0,5,42,0.95
A,Nam2025,3,0,1.0,5,43,0.95
A,Nam2025,3,0,1.0,5,44,0.95
A,Youn2026,3,0,1.0,5,42,1.05
A,Youn2026,3,0,1.0,5,43,1.05
A,Youn2026,3,0,1.0,5,44,1.05
A,V2I-Base,3,0,1.0,5,42,1.0
A,V2I-Base,3,0,1.0,5,43,1.0
A,V2I-Base,3,0,1.0,5,44,1.0
A,V2V-Base,3,0,1.0,5,42,0.85
A,V2V-Base,3,0,1.0,5,43,0.85
A,V2V-Base,3,0,1.0,5,44,0.85
A,Random-K,3,0,1.0,5,42,0.5
A,Random-K,3,0,1.0,5,43,0.5
A,Random-K,3,0,1.0,5,44,0.5
A,RILP,3,0,2.0,5,42,1.0
A,RILP,3,0,2.0,5,43,1.0
A,RILP,3,0,2.0,5,44,1.0
A,RILP-Greedy,3,0,2.0,5,42,1.0
A,RILP-Greedy,3,0,2.0,5,43,1.0
A,RILP-Greedy,3,0,2.0,5,44,1.0
A,Nam2023b,3,0,2.0,5,42,0.9
A,Nam2023b,3,0,2.0,5,43,0.9
A,Nam2023b,3,0,2.0,5,44,0.9
A,Nam2025,3,0,2.0,5,42,0.95
A,Nam2025,3,0,2.0,5,43,0.95
A,Nam2025,3,0,2.0,5,44,0.95
A,Youn2026,3,0,2.0,5,42,1.05
A,Youn2026,3,0,2.0,5,43,1.05
A,Youn2026,3,0,2.0,5,44,1.05
A,V2I-Base,3,0,2.0,5,42,1.0
A,V2I-Base,3,0,2.0,5,43,1.0
A,V2I-Base,3,0,2.0,5,44,1.0
A,V2V-Base,3,0,2.0,5,42,0.85
A,V2V-Base,3,0,2.0,5,43,0.85
A,V2V-Base,3,0,2.0,5,44,0.85
A,Random-K,3,0,2.0,5,42,0.5
A,Random-K,3,0,2.0,5,43,0.5
A,Random-K,3,0,2.0,5,44,0.5
A,RILP,3,0,3.0,5,42,1.0
A,RILP,3,0,3.0,5,43,1.0
A,RILP,3,0,3.0,5,44,1.0
A,RILP-Greedy,3,0,3.0,5,42,1.0
A,RILP-Greedy,3,0,3.0,5,43,1.0
A,RILP-Greedy,3,0,3.0,5,44,1.0
A,Nam2023b,3,0,3.0,5,42,0.9
A,Nam2023b,3,0,3.0,5,43,0.9
A,Nam2023b,3,0,3.0,5,44,0.9
A,Nam2025,3,0,3.0,5,42,0.95
A,Nam2025,3,0,3.0,5,43,0.95
A,Nam2025,3,0,3.0,5,44,0.95
A,Youn2026,3,0,3.0,5,42,1.05
A,Youn2026,3,0,3.0,5,43,1.05
A,Youn2026,3,0,3.0,5,44,1.05
A,V2I-Base,3,0,3.0,5,42,1.0
A,V2I-Base,3,0,3.0,5,43,1.0
A,V2I-Base,3,0,3.0,5,44,1.0
A,V2V-Base,3,0,3.0,5,42,0.85
A,V2V-Base,3,0,3.0,5,43,0.85
A,V2V-Base,3,0,3.0,5,44,0.85
A,Random-K,3,0,3.0,5,42,0.5
A,Random-K,3,0,3.0,5,43,0.5
A,Random-K,3,0,3.0,5,44,0.5
A,RILP,3,10,0.0,5,42,1.01
A,RILP,3,10,0.0,5,43,1.01
A,RILP,3,10,0.0,5,44,1.01
A,RILP-Greedy,3,10,0.0,5,42,1.012
A,RILP-Greedy,3,10,0.0,5,43,1.012
A,RILP-Greedy,3,10,0.0,5,44,1.012
A,Nam2023b,3,10,0.0,5,42,0.9
A,Nam2023b,3,10,0.0,5,43,0.9
A,Nam2023b,3,10,0.0,5,44,0.9
A,Nam2025,3,10,0.0,5,42,0.95
A,Nam2025,3,10,0.0,5,43,0.95
A,Nam2025,3,10,0.0,5,44,0.95
A,Youn2026,3,10,0.0,5,42,1.05
A,Youn2026,3,10,0.0,5,43,1.05
A,Youn2026,3,10,0.0,5,44,1.05
A,V2I-Base,3,10,0.0,5,42,1.0
A,V2I-Base,3,10,0.0,5,43,1.0
A,V2I-Base,3,10,0.0,5,44,1.0
A,V2V-Base,3,10,0.0,5,42,0.85
A,V2V-Base,3,10,0.0,5,43,0.85
A,V2V-Base,3,10,0.0,5,44,0.85
A,Random-K,3,10,0.0,5,42,0.5
A,Random-K,3,10,0.0,5,43,0.5
A,Random-K,3,10,0.0,5,44,0.5
A,RILP,3,10,1.0,5,42,1.01
A,RILP,3,10,1.0,5,43,1.01
A,RILP,3,10,1.0,5,44,1.01
A,RILP-Greedy,3,10,1.0,5,42,1.012
A,RILP-Greedy,3,10,1.0,5,43,1.012
A,RILP-Greedy,3,10,1.0,5,44,1.012
A,Nam2023b,3,10,1.0,5,42,0.9
A,Nam2023b,3,10,1.0,5,43,0.9
A,Nam2023b,3,10,1.0,5,44,0.9
A,Nam2025,3,10,1.0,5,42,0.95
A,Nam2025,3,10,1.0,5,43,0.95
A,Nam2025,3,10,1.0,5,44,0.95
A,Youn2026,3,10,1.0,5,42,1.05
A,Youn2026,3,10,1.0,5,43,1.05
A,Youn2026,3,10,1.0,5,44,1.05
A,V2I-Base,3,10,1.0,5,42,1.0
A,V2I-Base,3,10,1.0,5,43,1.0
A,V2I-Base,3,10,1.0,5,44,1.0
A,V2V-Base,3,10,1.0,5,42,0.85
A,V2V-Base,3,10,1.0,5,43,0.85
A,V2V-Base,3,10,1.0,5,44,0.85
A,Random-K,3,10,1.0,5,42,0.5
A,Random-K,3,10,1.0,5,43,0.5
A,Random-K,3,10,1.0,5,44,0.5
A,RILP,3,10,2.0,5,42,1.01
A,RILP,3,10,2.0,5,43,1.01
A,RILP,3,10,2.0,5,44,1.01
A,RILP-Greedy,3,10,2.0,5,42,1.012
A,RILP-Greedy,3,10,2.0,5,43,1.012
A,RILP-Greedy,3,10,2.0,5,44,1.012
A,Nam2023b,3,10,2.0,5,42,0.9
A,Nam2023b,3,10,2.0,5,43,0.9
A,Nam2023b,3,10,2.0,5,44,0.9
A,Nam2025,3,10,2.0,5,42,0.95
A,Nam2025,3,10,2.0,5,43,0.95
A,Nam2025,3,10,2.0,5,44,0.95
A,Youn2026,3,10,2.0,5,42,1.05
A,Youn2026,3,10,2.0,5,43,1.05
A,Youn2026,3,10,2.0,5,44,1.05
A,V2I-Base,3,10,2.0,5,42,1.0
A,V2I-Base,3,10,2.0,5,43,1.0
A,V2I-Base,3,10,2.0,5,44,1.0
A,V2V-Base,3,10,2.0,5,42,0.85
A,V2V-Base,3,10,2.0,5,43,0.85
A,V2V-Base,3,10,2.0,5,44,0.85
A,Random-K,3,10,2.0,5,42,0.5
A,Random-K,3,10,2.0,5,43,0.5
A,Random-K,3,10,2.0,5,44,0.5
A,RILP,3,10,3.0,5,42,1.01
A,RILP,3,10,3.0,5,43,1.01
A,RILP,3,10,3.0,5,44,1.01
A,RILP-Greedy,3,10,3.0,5,42,1.012
A,RILP-Greedy,3,10,3.0,5,43,1.012
A,RILP-Greedy,3,10,3.0,5,44,1.012
A,Nam2023b,3,10,3.0,5,42,0.9
A,Nam2023b,3,10,3.0,5,43,0.9
A,Nam2023b,3,10,3.0,5,44,0.9
A,Nam2025,3,10,3.0,5,42,0.95
A,Nam2025,3,10,3.0,5,43,0.95
A,Nam2025,3,10,3.0,5,44,0.95
A,Youn2026,3,10,3.0,5,42,1.05
A,Youn2026,3,10,3.0,5,43,1.05
A,Youn2026,3,10,3.0,5,44,1.05
A,V2I-Base,3,10,3.0,5,42,1.0
A,V2I-Base,3,10,3.0,5,43,1.0
A,V2I-Base,3,10,3.0,5,44,1.0
A,V2V-Base,3,10,3.0,5,42,0.85
A,V2V-Base,3,10,3.0,5,43,0.85
A,V2V-Base,3,10,3.0,5,44,0.85
A,Random-K,3,10,3.0,5,42,0.5
A,Random-K,3,10,3.0,5,43,0.5
A,Random-K,3,10,3.0,5,44,0.5
A,RILP,3,20,0.0,5,42,1.02
A,RILP,3,20,0.0,5,43,1.02
A,RILP,3,20,0.0,5,44,1.02
A,RILP-Greedy,3,20,0.0,5,42,1.024
A,RILP-Greedy,3,20,0.0,5,43,1.024
A,RILP-Greedy,3,20,0.0,5,44,1.024
A,Nam2023b,3,20,0.0,5,42,0.9
A,Nam2023b,3,20,0.0,5,43,0.9
A,Nam2023b,3,20,0.0,5,44,0.9
A,Nam2025,3,20,0.0,5,42,0.95
A,Nam2025,3,20,0.0,5,43,0.95
A,Nam2025,3,20,0.0,5,44,0.95
A,Youn2026,3,20,0.0,5,42,1.05
A,Youn2026,3,20,0.0,5,43,1.05
A,Youn2026,3,20,0.0,5,44,1.05
A,V2I-Base,3,20,0.0,5,42,1.0
A,V2I-Base,3,20,0.0,5,43,1.0
A,V2I-Base,3,20,0.0,5,44,1.0
A,V2V-Base,3,20,0.0,5,42,0.85
A,V2V-Base,3,20,0.0,5,43,0.85
A,V2V-Base,3,20,0.0,5,44,0.85
A,Random-K,3,20,0.0,5,42,0.5
A,Random-K,3,20,0.0,5,43,0.5
A,Random-K,3,20,0.0,5,44,0.5
A,RILP,3,20,1.0,5,42,1.02
A,RILP,3,20,1.0,5,43,1.02
A,RILP,3,20,1.0,5,44,1.02
A,RILP-Greedy,3,20,1.0,5,42,1.024
A,RILP-Greedy,3,20,1.0,5,43,1.024
A,RILP-Greedy,3,20,1.0,5,44,1.024
A,Nam2023b,3,20,1.0,5,42,0.9
A,Nam2023b,3,20,1.0,5,43,0.9
A,Nam2023b,3,20,1.0,5,44,0.9
A,Nam2025,3,20,1.0,5,42,0.95
A,Nam2025,3,20,1.0,5,43,0.95
A,Nam2025,3,20,1.0,5,44,0.95
A,Youn2026,3,20,1.0,5,42,1.05
A,Youn2026,3,20,1.0,5,43,1.05
A,Youn2026,3,20,1.0,5,44,1.05
A,V2I-Base,3,20,1.0,5,42,1.0
A,V2I-Base,3,20,1.0,5,43,1.0
A,V2I-Base,3,20,1.0,5,44,1.0
A,V2V-Base,3,20,1.0,5,42,0.85
A,V2V-Base,3,20,1.0,5,43,0.85
A,V2V-Base,3,20,1.0,5,44,0.85
A,Random-K,3,20,1.0,5,42,0.5
A,Random-K,3,20,1.0,5,43,0.5
A,Random-K,3,20,1.0,5,44,0.5
A,RILP,3,20,2.0,5,42,1.02
A,RILP,3,20,2.0,5,43,1.02
A,RILP,3,20,2.0,5,44,1.02
A,RILP-Greedy,3,20,2.0,5,42,1.024
A,RILP-Greedy,3,20,2.0,5,43,1.024
A,RILP-Greedy,3,20,2.0,5,44,1.024
A,Nam2023b,3,20,2.0,5,42,0.9
A,Nam2023b,3,20,2.0,5,43,0.9
A,Nam2023b,3,20,2.0,5,44,0.9
A,Nam2025,3,20,2.0,5,42,0.95
A,Nam2025,3,20,2.0,5,43,0.95
A,Nam2025,3,20,2.0,5,44,0.95
A,Youn2026,3,20,2.0,5,42,1.05
A,Youn2026,3,20,2.0,5,43,1.05
A,Youn2026,3,20,2.0,5,44,1.05
A,V2I-Base,3,20,2.0,5,42,1.0
A,V2I-Base,3,20,2.0,5,43,1.0
A,V2I-Base,3,20,2.0,5,44,1.0
A,V2V-Base,3,20,2.0,5,42,0.85
A,V2V-Base,3,20,2.0,5,43,0.85
A,V2V-Base,3,20,2.0,5,44,0.85
A,Random-K,3,20,2.0,5,42,0.5
A,Random-K,3,20,2.0,5,43,0.5
A,Random-K,3,20,2.0,5,44,0.5
A,RILP,3,20,3.0,5,42,1.02
A,RILP,3,20,3.0,5,43,1.02
A,RILP,3,20,3.0,5,44,1.02
A,RILP-Greedy,3,20,3.0,5,42,1.024
A,RILP-Greedy,3,20,3.0,5,43,1.024
A,RILP-Greedy,3,20,3.0,5,44,1.024
A,Nam2023b,3,20,3.0,5,42,0.9
A,Nam2023b,3,20,3.0,5,43,0.9
A,Nam2023b,3,20,3.0,5,44,0.9
A,Nam2025,3,20,3.0,5,42,0.95
A,Nam2025,3,20,3.0,5,43,0.95
A,Nam2025,3,20,3.0,5,44,0.95
A,Youn2026,3,20,3.0,5,42,1.05
A,Youn2026,3,20,3.0,5,43,1.05
A,Youn2026,3,20,3.0,5,44,1.05
A,V2I-Base,3,20,3.0,5,42,1.0
A,V2I-Base,3,20,3.0,5,43,1.0
A,V2I-Base,3,20,3.0,5,44,1.0
A,V2V-Base,3,20,3.0,5,42,0.85
A,V2V-Base,3,20,3.0,5,43,0.85
A,V2V-Base,3,20,3.0,5,44,0.85
A,Random-K,3,20,3.0,5,42,0.5
A,Random-K,3,20,3.0,5,43,0.5
A,Random-K,3,20,3.0,5,44,0.5
A,RILP,3,30,0.0,5,42,1.03
A,RILP,3,30,0.0,5,43,1.03
A,RILP,3,30,0.0,5,44,1.03
A,RILP-Greedy,3,30,0.0,5,42,1.036
A,RILP-Greedy,3,30,0.0,5,43,1.036
A,RILP-Greedy,3,30,0.0,5,44,1.036
A,Nam2023b,3,30,0.0,5,42,0.9
A,Nam2023b,3,30,0.0,5,43,0.9
A,Nam2023b,3,30,0.0,5,44,0.9
A,Nam2025,3,30,0.0,5,42,0.95
A,Nam2025,3,30,0.0,5,43,0.95
A,Nam2025,3,30,0.0,5,44,0.95
A,Youn2026,3,30,0.0,5,42,1.05
A,Youn2026,3,30,0.0,5,43,1.05
A,Youn2026,3,30,0.0,5,44,1.05
A,V2I-Base,3,30,0.0,5,42,1.0
A,V2I-Base,3,30,0.0,5,43,1.0
A,V2I-Base,3,30,0.0,5,44,1.0
A,V2V-Base,3,30,0.0,5,42,0.85
A,V2V-Base,3,30,0.0,5,43,0.85
A,V2V-Base,3,30,0.0,5,44,0.85
A,Random-K,3,30,0.0,5,42,0.5
A,Random-K,3,30,0.0,5,43,0.5
A,Random-K,3,30,0.0,5,44,0.5
A,RILP,3,30,1.0,5,42,1.03
A,RILP,3,30,1.0,5,43,1.03
A,RILP,3,30,1.0,5,44,1.03
A,RILP-Greedy,3,30,1.0,5,42,1.036
A,RILP-Greedy,3,30,1.0,5,43,1.036
A,RILP-Greedy,3,30,1.0,5,44,1.036
A,Nam2023b,3,30,1.0,5,42,0.9
A,Nam2023b,3,30,1.0,5,43,0.9
A,Nam2023b,3,30,1.0,5,44,0.9
A,Nam2025,3,30,1.0,5,42,0.95
A,Nam2025,3,30,1.0,5,43,0.95
A,Nam2025,3,30,1.0,5,44,0.95
A,Youn2026,3,30,1.0,5,42,1.05
A,Youn2026,3,30,1.0,5,43,1.05
A,Youn2026,3,30,1.0,5,44,1.05
A,V2I-Base,3,30,1.0,5,42,1.0
A,V2I-Base,3,30,1.0,5,43,1.0
A,V2I-Base,3,30,1.0,5,44,1.0
A,V2V-Base,3,30,1.0,5,42,0.85
A,V2V-Base,3,30,1.0,5,43,0.85
A,V2V-Base,3,30,1.0,5,44,0.85
A,Random-K,3,30,1.0,5,42,0.5
A,Random-K,3,30,1.0,5,43,0.5
A,Random-K,3,30,1.0,5,44,0.5
A,RILP,3,30,2.0,5,42,1.03
A,RILP,3,30,2.0,5,43,1.03
A,RILP,3,30,2.0,5,44,1.03
A,RILP-Greedy,3,30,2.0,5,42,1.036
A,RILP-Greedy,3,30,2.0,5,43,1.036
A,RILP-Greedy,3,30,2.0,5,44,1.036
A,Nam2023b,3,30,2.0,5,42,0.9
A,Nam2023b,3,30,2.0,5,43,0.9
A,Nam2023b,3,30,2.0,5,44,0.9
A,Nam2025,3,30,2.0,5,42,0.95
A,Nam2025,3,30,2.0,5,43,0.95
A,Nam2025,3,30,2.0,5,44,0.95
A,Youn2026,3,30,2.0,5,42,1.05
A,Youn2026,3,30,2.0,5,43,1.05
A,Youn2026,3,30,2.0,5,44,1.05
A,V2I-Base,3,30,2.0,5,42,1.0
A,V2I-Base,3,30,2.0,5,43,1.0
A,V2I-Base,3,30,2.0,5,44,1.0
A,V2V-Base,3,30,2.0,5,42,0.85
A,V2V-Base,3,30,2.0,5,43,0.85
A,V2V-Base,3,30,2.0,5,44,0.85
A,Random-K,3,30,2.0,5,42,0.5
A,Random-K,3,30,2.0,5,43,0.5
A,Random-K,3,30,2.0,5,44,0.5
A,RILP,3,30,3.0,5,42,1.03
A,RILP,3,30,3.0,5,43,1.03
A,RILP,3,30,3.0,5,44,1.03
A,RILP-Greedy,3,30,3.0,5,42,1.036
A,RILP-Greedy,3,30,3.0,5,43,1.036
A,RILP-Greedy,3,30,3.0,5,44,1.036
A,Nam2023b,3,30,3.0,5,42,0.9
A,Nam2023b,3,30,3.0,5,43,0.9
A,Nam2023b,3,30,3.0,5,44,0.9
A,Nam2025,3,30,3.0,5,42,0.95
A,Nam2025,3,30,3.0,5,43,0.95
A,Nam2025,3,30,3.0,5,44,0.95
A,Youn2026,3,30,3.0,5,42,1.05
A,Youn2026,3,30,3.0,5,43,1.05
A,Youn2026,3,30,3.0,5,44,1.05
A,V2I-Base,3,30,3.0,5,42,1.0
A,V2I-Base,3,30,3.0,5,43,1.0
A,V2I-Base,3,30,3.0,5,44,1.0
A,V2V-Base,3,30,3.0,5,42,0.85
A,V2V-Base,3,30,3.0,5,43,0.85
A,V2V-Base,3,30,3.0,5,44,0.85
A,Random-K,3,30,3.0,5,42,0.5
A,Random-K,3,30,3.0,5,43,0.5
A,Random-K,3,30,3.0,5,44,0.5
A,RILP,4,0,0.0,5,42,1.0
A,RILP,4,0,0.0,5,43,1.0
A,RILP,4,0,0.0,5,44,1.0
A,RILP-Greedy,4,0,0.0,5,42,1.0
A,RILP-Greedy,4,0,0.0,5,43,1.0
A,RILP-Greedy,4,0,0.0,5,44,1.0
A,Nam2023b,4,0,0.0,5,42,0.9
A,Nam2023b,4,0,0.0,5,43,0.9
A,Nam2023b,4,0,0.0,5,44,0.9
A,Nam2025,4,0,0.0,5,42,0.95
A,Nam2025,4,0,0.0,5,43,0.95
A,Nam2025,4,0,0.0,5,44,0.95
A,Youn2026,4,0,0.0,5,42,1.05
A,Youn2026,4,0,0.0,5,43,1.05
A,Youn2026,4,0,0.0,5,44,1.05
A,V2I-Base,4,0,0.0,5,42,1.0
A,V2I-Base,4,0,0.0,5,43,1.0
A,V2I-Base,4,0,0.0,5,44,1.0
A,V2V-Base,4,0,0.0,5,42,0.85
A,V2V-Base,4,0,0.0,5,43,0.85
A,V2V-Base,4,0,0.0,5,44,0.85
A,Random-K,4,0,0.0,5,42,0.5
A,Random-K,4,0,0.0,5,43,0.5
A,Random-K,4,0,0.0,5,44,0.5
A,RILP,4,0,1.0,5,42,1.0
A,RILP,4,0,1.0,5,43,1.0
A,RILP,4,0,1.0,5,44,1.0
A,RILP-Greedy,4,0,1.0,5,42,1.0
A,RILP-Greedy,4,0,1.0,5,43,1.0
A,RILP-Greedy,4,0,1.0,5,44,1.0
A,Nam2023b,4,0,1.0,5,42,0.9
A,Nam2023b,4,0,1.0,5,43,0.9
A,Nam2023b,4,0,1.0,5,44,0.9
A,Nam2025,4,0,1.0,5,42,0.95
A,Nam2025,4,0,1.0,5,43,0.95
A,Nam2025,4,0,1.0,5,44,0.95
A,Youn2026,4,0,1.0,5,42,1.05
A,Youn2026,4,0,1.0,5,43,1.05
A,Youn2026,4,0,1.0,5,44,1.05
A,V2I-Base,4,0,1.0,5,42,1.0
A,V2I-Base,4,0,1.0,5,43,1.0
A,V2I-Base,4,0,1.0,5,44,1.0
A,V2V-Base,4,0,1.0,5,42,0.85
A,V2V-Base,4,0,1.0,5,43,0.85
A,V2V-Base,4,0,1.0,5,44,0.85
A,Random-K,4,0,1.0,5,42,0.5
A,Random-K,4,0,1.0,5,43,0.5
A,Random-K,4,0,1.0,5,44,0.5
A,RILP,4,0,2.0,5,42,1.0
A,RILP,4,0,2.0,5,43,1.0
A,RILP,4,0,2.0,5,44,1.0
A,RILP-Greedy,4,0,2.0,5,42,1.0
A,RILP-Greedy,4,0,2.0,5,43,1.0
A,RILP-Greedy,4,0,2.0,5,44,1.0
A,Nam2023b,4,0,2.0,5,42,0.9
A,Nam2023b,4,0,2.0,5,43,0.9
A,Nam2023b,4,0,2.0,5,44,0.9
A,Nam2025,4,0,2.0,5,42,0.95
A,Nam2025,4,0,2.0,5,43,0.95
A,Nam2025,4,0,2.0,5,44,0.95
A,Youn2026,4,0,2.0,5,42,1.05
A,Youn2026,4,0,2.0,5,43,1.05
A,Youn2026,4,0,2.0,5,44,1.05
A,V2I-Base,4,0,2.0,5,42,1.0
A,V2I-Base,4,0,2.0,5,43,1.0
A,V2I-Base,4,0,2.0,5,44,1.0
A,V2V-Base,4,0,2.0,5,42,0.85
A,V2V-Base,4,0,2.0,5,43,0.85
A,V2V-Base,4,0,2.0,5,44,0.85
A,Random-K,4,0,2.0,5,42,0.5
A,Random-K,4,0,2.0,5,43,0.5
A,Random-K,4,0,2.0,5,44,0.5
A,RILP,4,0,3.0,5,42,1.0
A,RILP,4,0,3.0,5,43,1.0
A,RILP,4,0,3.0,5,44,1.0
A,RILP-Greedy,4,0,3.0,5,42,1.0
A,RILP-Greedy,4,0,3.0,5,43,1.0
A,RILP-Greedy,4,0,3.0,5,44,1.0
A,Nam2023b,4,0,3.0,5,42,0.9
A,Nam2023b,4,0,3.0,5,43,0.9
A,Nam2023b,4,0,3.0,5,44,0.9
A,Nam2025,4,0,3.0,5,42,0.95
A,Nam2025,4,0,3.0,5,43,0.95
A,Nam2025,4,0,3.0,5,44,0.95
A,Youn2026,4,0,3.0,5,42,1.05
A,Youn2026,4,0,3.0,5,43,1.05
A,Youn2026,4,0,3.0,5,44,1.05
A,V2I-Base,4,0,3.0,5,42,1.0
A,V2I-Base,4,0,3.0,5,43,1.0
A,V2I-Base,4,0,3.0,5,44,1.0
A,V2V-Base,4,0,3.0,5,42,0.85
A,V2V-Base,4,0,3.0,5,43,0.85
A,V2V-Base,4,0,3.0,5,44,0.85
A,Random-K,4,0,3.0,5,42,0.5
A,Random-K,4,0,3.0,5,43,0.5
A,Random-K,4,0,3.0,5,44,0.5
A,RILP,4,10,0.0,5,42,1.01
A,RILP,4,10,0.0,5,43,1.01
A,RILP,4,10,0.0,5,44,1.01
A,RILP-Greedy,4,10,0.0,5,42,1.012
A,RILP-Greedy,4,10,0.0,5,43,1.012
A,RILP-Greedy,4,10,0.0,5,44,1.012
A,Nam2023b,4,10,0.0,5,42,0.9
A,Nam2023b,4,10,0.0,5,43,0.9
A,Nam2023b,4,10,0.0,5,44,0.9
A,Nam2025,4,10,0.0,5,42,0.95
A,Nam2025,4,10,0.0,5,43,0.95
A,Nam2025,4,10,0.0,5,44,0.95
A,Youn2026,4,10,0.0,5,42,1.05
A,Youn2026,4,10,0.0,5,43,1.05
A,Youn2026,4,10,0.0,5,44,1.05
A,V2I-Base,4,10,0.0,5,42,1.0
A,V2I-Base,4,10,0.0,5,43,1.0
A,V2I-Base,4,10,0.0,5,44,1.0
A,V2V-Base,4,10,0.0,5,42,0.85
A,V2V-Base,4,10,0.0,5,43,0.85
A,V2V-Base,4,10,0.0,5,44,0.85
A,Random-K,4,10,0.0,5,42,0.5
A,Random-K,4,10,0.0,5,43,0.5
A,Random-K,4,10,0.0,5,44,0.5
A,RILP,4,10,1.0,5,42,1.01
A,RILP,4,10,1.0,5,43,1.01
A,RILP,4,10,1.0,5,44,1.01
A,RILP-Greedy,4,10,1.0,5,42,1.012
A,RILP-Greedy,4,10,1.0,5,43,1.012
A,RILP-Greedy,4,10,1.0,5,44,1.012
A,Nam2023b,4,10,1.0,5,42,0.9
A,Nam2023b,4,10,1.0,5,43,0.9
A,Nam2023b,4,10,1.0,5,44,0.9
A,Nam2025,4,10,1.0,5,42,0.95
A,Nam2025,4,10,1.0,5,43,0.95
A,Nam2025,4,10,1.0,5,44,0.95
A,Youn2026,4,10,1.0,5,42,1.05
A,Youn2026,4,10,1.0,5,43,1.05
A,Youn2026,4,10,1.0,5,44,1.05
A,V2I-Base,4,10,1.0,5,42,1.0
A,V2I-Base,4,10,1.0,5,43,1.0
A,V2I-Base,4,10,1.0,5,44,1.0
A,V2V-Base,4,10,1.0,5,42,0.85
A,V2V-Base,4,10,1.0,5,43,0.85
A,V2V-Base,4,10,1.0,5,44,0.85
A,Random-K,4,10,1.0,5,42,0.5
A,Random-K,4,10,1.0,5,43,0.5
A,Random-K,4,10,1.0,5,44,0.5
A,RILP,4,10,2.0,5,42,1.01
A,RILP,4,10,2.0,5,43,1.01
A,RILP,4,10,2.0,5,44,1.01
A,RILP-Greedy,4,10,2.0,5,42,1.012
A,RILP-Greedy,4,10,2.0,5,43,1.012
A,RILP-Greedy,4,10,2.0,5,44,1.012
A,Nam2023b,4,10,2.0,5,42,0.9
A,Nam2023b,4,10,2.0,5,43,0.9
A,Nam2023b,4,10,2.0,5,44,0.9
A,Nam2025,4,10,2.0,5,42,0.95
A,Nam2025,4,10,2.0,5,43,0.95
A,Nam2025,4,10,2.0,5,44,0.95
A,Youn2026,4,10,2.0,5,42,1.05
A,Youn2026,4,10,2.0,5,43,1.05
A,Youn2026,4,10,2.0,5,44,1.05
A,V2I-Base,4,10,2.0,5,42,1.0
A,V2I-Base,4,10,2.0,5,43,1.0
A,V2I-Base,4,10,2.0,5,44,1.0
A,V2V-Base,4,10,2.0,5,42,0.85
A,V2V-Base,4,10,2.0,5,43,0.85
A,V2V-Base,4,10,2.0,5,44,0.85
A,Random-K,4,10,2.0,5,42,0.5
A,Random-K,4,10,2.0,5,43,0.5
A,Random-K,4,10,2.0,5,44,0.5
A,RILP,4,10,3.0,5,42,1.01
A,RILP,4,10,3.0,5,43,1.01
A,RILP,4,10,3.0,5,44,1.01
A,RILP-Greedy,4,10,3.0,5,42,1.012
A,RILP-Greedy,4,10,3.0,5,43,1.012
A,RILP-Greedy,4,10,3.0,5,44,1.012
A,Nam2023b,4,10,3.0,5,42,0.9
A,Nam2023b,4,10,3.0,5,43,0.9
A,Nam2023b,4,10,3.0,5,44,0.9
A,Nam2025,4,10,3.0,5,42,0.95
A,Nam2025,4,10,3.0,5,43,0.95
A,Nam2025,4,10,3.0,5,44,0.95
A,Youn2026,4,10,3.0,5,42,1.05
A,Youn2026,4,10,3.0,5,43,1.05
A,Youn2026,4,10,3.0,5,44,1.05
A,V2I-Base,4,10,3.0,5,42,1.0
A,V2I-Base,4,10,3.0,5,43,1.0
A,V2I-Base,4,10,3.0,5,44,1.0
A,V2V-Base,4,10,3.0,5,42,0.85
A,V2V-Base,4,10,3.0,5,43,0.85
A,V2V-Base,4,10,3.0,5,44,0.85
A,Random-K,4,10,3.0,5,42,0.5
A,Random-K,4,10,3.0,5,43,0.5
A,Random-K,4,10,3.0,5,44,0.5
A,RILP,4,20,0.0,5,42,1.02
A,RILP,4,20,0.0,5,43,1.02
A,RILP,4,20,0.0,5,44,1.02
A,RILP-Greedy,4,20,0.0,5,42,1.024
A,RILP-Greedy,4,20,0.0,5,43,1.024
A,RILP-Greedy,4,20,0.0,5,44,1.024
A,Nam2023b,4,20,0.0,5,42,0.9
A,Nam2023b,4,20,0.0,5,43,0.9
A,Nam2023b,4,20,0.0,5,44,0.9
A,Nam2025,4,20,0.0,5,42,0.95
A,Nam2025,4,20,0.0,5,43,0.95
A,Nam2025,4,20,0.0,5,44,0.95
A,Youn2026,4,20,0.0,5,42,1.05
A,Youn2026,4,20,0.0,5,43,1.05
A,Youn2026,4,20,0.0,5,44,1.05
A,V2I-Base,4,20,0.0,5,42,1.0
A,V2I-Base,4,20,0.0,5,43,1.0
A,V2I-Base,4,20,0.0,5,44,1.0
A,V2V-Base,4,20,0.0,5,42,0.85
A,V2V-Base,4,20,0.0,5,43,0.85
A,V2V-Base,4,20,0.0,5,44,0.85
A,Random-K,4,20,0.0,5,42,0.5
A,Random-K,4,20,0.0,5,43,0.5
A,Random-K,4,20,0.0,5,44,0.5
A,RILP,4,20,1.0,5,42,1.02
A,RILP,4,20,1.0,5,43,1.02
A,RILP,4,20,1.0,5,44,1.02
A,RILP-Greedy,4,20,1.0,5,42,1.024
A,RILP-Greedy,4,20,1.0,5,43,1.024
A,RILP-Greedy,4,20,1.0,5,44,1.024
A,Nam2023b,4,20,1.0,5,42,0.9
A,Nam2023b,4,20,1.0,5,43,0.9
A,Nam2023b,4,20,1.0,5,44,0.9
A,Nam2025,4,20,1.0,5,42,0.95
A,Nam2025,4,20,1.0,5,43,0.95
A,Nam2025,4,20,1.0,5,44,0.95
A,Youn2026,4,20,1.0,5,42,1.05
A,Youn2026,4,20,1.0,5,43,1.05
A,Youn2026,4,20,1.0,5,44,1.05
A,V2I-Base,4,20,1.0,5,42,1.0
A,V2I-Base,4,20,1.0,5,43,1.0
A,V2I-Base,4,20,1.0,5,44,1.0
A,V2V-Base,4,20,1.0,5,42,0.85
A,V2V-Base,4,20,1.0,5,43,0.85
A,V2V-Base,4,20,1.0,5,44,0.85
A,Random-K,4,20,1.0,5,42,0.5
A,Random-K,4,20,1.0,5,43,0.5
A,Random-K,4,20,1.0,5,44,0.5
A,RILP,4,20,2.0,5,42,1.02
A,RILP,4,20,2.0,5,43,1.02
A,RILP,4,20,2.0,5,44,1.02
A,RILP-Greedy,4,20,2.0,5,42,1.024
A,RILP-Greedy,4,20,2.0,5,43,1.024
A,RILP-Greedy,4,20,2.0,5,44,1.024
A,Nam2023b,4,20,2.0,5,42,0.9
A,Nam2023b,4,20,2.0,5,43,0.9
A,Nam2023b,4,20,2.0,5,44,0.9
A,Nam2025,4,20,2.0,5,42,0.95
A,Nam2025,4,20,2.0,5,43,0.95
A,Nam2025,4,20,2.0,5,44,0.95
A,Youn2026,4,20,2.0,5,42,1.05
A,Youn2026,4,20,2.0,5,43,1.05
A,Youn2026,4,20,2.0,5,44,1.05
A,V2I-Base,4,20,2.0,5,42,1.0
A,V2I-Base,4,20,2.0,5,43,1.0
A,V2I-Base,4,20,2.0,5,44,1.0
A,V2V-Base,4,20,2.0,5,42,0.85
A,V2V-Base,4,20,2.0,5,43,0.85
A,V2V-Base,4,20,2.0,5,44,0.85
A,Random-K,4,20,2.0,5,42,0.5
A,Random-K,4,20,2.0,5,43,0.5
A,Random-K,4,20,2.0,5,44,0.5
A,RILP,4,20,3.0,5,42,1.02
A,RILP,4,20,3.0,5,43,1.02
A,RILP,4,20,3.0,5,44,1.02
A,RILP-Greedy,4,20,3.0,5,42,1.024
A,RILP-Greedy,4,20,3.0,5,43,1.024
A,RILP-Greedy,4,20,3.0,5,44,1.024
A,Nam2023b,4,20,3.0,5,42,0.9
A,Nam2023b,4,20,3.0,5,43,0.9
A,Nam2023b,4,20,3.0,5,44,0.9
A,Nam2025,4,20,3.0,5,42,0.95
A,Nam2025,4,20,3.0,5,43,0.95
A,Nam2025,4,20,3.0,5,44,0.95
A,Youn2026,4,20,3.0,5,42,1.05
A,Youn2026,4,20,3.0,5,43,1.05
A,Youn2026,4,20,3.0,5,44,1.05
A,V2I-Base,4,20,3.0,5,42,1.0
A,V2I-Base,4,20,3.0,5,43,1.0
A,V2I-Base,4,20,3.0,5,44,1.0
A,V2V-Base,4,20,3.0,5,42,0.85
A,V2V-Base,4,20,3.0,5,43,0.85
A,V2V-Base,4,20,3.0,5,44,0.85
A,Random-K,4,20,3.0,5,42,0.5
A,Random-K,4,20,3.0,5,43,0.5
A,Random-K,4,20,3.0,5,44,0.5
A,RILP,4,30,0.0,5,42,1.03
A,RILP,4,30,0.0,5,43,1.03
A,RILP,4,30,0.0,5,44,1.03
A,RILP-Greedy,4,30,0.0,5,42,1.036
A,RILP-Greedy,4,30,0.0,5,43,1.036
A,RILP-Greedy,4,30,0.0,5,44,1.036
A,Nam2023b,4,30,0.0,5,42,0.9
A,Nam2023b,4,30,0.0,5,43,0.9
A,Nam2023b,4,30,0.0,5,44,0.9
A,Nam2025,4,30,0.0,5,42,0.95
A,Nam2025,4,30,0.0,5,43,0.95
A,Nam2025,4,30,0.0,5,44,0.95
A,Youn2026,4,30,0.0,5,42,1.05
A,Youn2026,4,30,0.0,5,43,1.05
A,Youn2026,4,30,0.0,5,44,1.05
A,V2I-Base,4,30,0.0,5,42,1.0
A,V2I-Base,4,30,0.0,5,43,1.0
A,V2I-Base,4,30,0.0,5,44,1.0
A,V2V-Base,4,30,0.0,5,42,0.85
A,V2V-Base,4,30,0.0,5,43,0.85
A,V2V-Base,4,30,0.0,5,44,0.85
A,Random-K,4,30,0.0,5,42,0.5
A,Random-K,4,30,0.0,5,43,0.5
A,Random-K,4,30,0.0,5,44,0.5
A,RILP,4,30,1.0,5,42,1.03
A,RILP,4,30,1.0,5,43,1.03
A,RILP,4,30,1.0,5,44,1.03
A,RILP-Greedy,4,30,1.0,5,42,1.036
A,RILP-Greedy,4,30,1.0,5,43,1.036
A,RILP-Greedy,4,30,1.0,5,44,1.036
A,Nam2023b,4,30,1.0,5,42,0.9
A,Nam2023b,4,30,1.0,5,43,0.9
A,Nam2023b,4,30,1.0,5,44,0.9
A,Nam2025,4,30,1.0,5,42,0.95
A,Nam2025,4,30,1.0,5,43,0.95
A,Nam2025,4,30,1.0,5,44,0.95
A,Youn2026,4,30,1.0,5,42,1.05
A,Youn2026,4,30,1.0,5,43,1.05
A,Youn2026,4,30,1.0,5,44,1.05
A,V2I-Base,4,30,1.0,5,42,1.0
A,V2I-Base,4,30,1.0,5,43,1.0
A,V2I-Base,4,30,1.0,5,44,1.0
A,V2V-Base,4,30,1.0,5,42,0.85
A,V2V-Base,4,30,1.0,5,43,0.85
A,V2V-Base,4,30,1.0,5,44,0.85
A,Random-K,4,30,1.0,5,42,0.5
A,Random-K,4,30,1.0,5,43,0.5
A,Random-K,4,30,1.0,5,44,0.5
A,RILP,4,30,2.0,5,42,1.03
A,RILP,4,30,2.0,5,43,1.03
A,RILP,4,30,2.0,5,44,1.03
A,RILP-Greedy,4,30,2.0,5,42,1.036
A,RILP-Greedy,4,30,2.0,5,43,1.036
A,RILP-Greedy,4,30,2.0,5,44,1.036
A,Nam2023b,4,30,2.0,5,42,0.9
A,Nam2023b,4,30,2.0,5,43,0.9
A,Nam2023b,4,30,2.0,5,44,0.9
A,Nam2025,4,30,2.0,5,42,0.95
A,Nam2025,4,30,2.0,5,43,0.95
A,Nam2025,4,30,2.0,5,44,0.95
A,Youn2026,4,30,2.0,5,42,1.05
A,Youn2026,4,30,2.0,5,43,1.05
A,Youn2026,4,30,2.0,5,44,1.05
A,V2I-Base,4,30,2.0,5,42,1.0
A,V2I-Base,4,30,2.0,5,43,1.0
A,V2I-Base,4,30,2.0,5,44,1.0
A,V2V-Base,4,30,2.0,5,42,0.85
A,V2V-Base,4,30,2.0,5,43,0.85
A,V2V-Base,4,30,2.0,5,44,0.85
A,Random-K,4,30,2.0,5,42,0.5
A,Random-K,4,30,2.0,5,43,0.5
A,Random-K,4,30,2.0,5,44,0.5
A,RILP,4,30,3.0,5,42,1.03
A,RILP,4,30,3.0,5,43,1.03
A,RILP,4,30,3.0,5,44,1.03
A,RILP-Greedy,4,30,3.0,5,42,1.036
A,RILP-Greedy,4,30,3.0,5,43,1.036
A,RILP-Greedy,4,30,3.0,5,44,1.036
A,Nam2023b,4,30,3.0,5,42,0.9
A,Nam2023b,4,30,3.0,5,43,0.9
A,Nam2023b,4,30,3.0,5,44,0.9
A,Nam2025,4,30,3.0,5,42,0.95
A,Nam2025,4,30,3.0,5,43,0.95
A,Nam2025,4,30,3.0,5,44,0.95
A,Youn2026,4,30,3.0,5,42,1.05
A,Youn2026,4,30,3.0,5,43,1.05
A,Youn2026,4,30,3.0,5,44,1.05
A,V2I-Base,4,30,3.0,5,42,1.0
A,V2I-Base,4,30,3.0,5,43,1.0
A,V2I-Base,4,30,3.0,5,44,1.0
A,V2V-Base,4,30,3.0,5,42,0.85
A,V2V-Base,4,30,3.0,5,43,0.85
A,V2V-Base,4,30,3.0,5,44,0.85
A,Random-K,4,30,3.0,5,42,0.5
A,Random-K,4,30,3.0,5,43,0.5
A,Random-K,4,30,3.0,5,44,0.5
A,RILP,5,0,0.0,5,42,1.0
A,RILP,5,0,0.0,5,43,1.0
A,RILP,5,0,0.0,5,44,1.0
A,RILP-Greedy,5,0,0.0,5,42,1.0
A,RILP-Greedy,5,0,0.0,5,43,1.0
A,RILP-Greedy,5,0,0.0,5,44,1.0
A,Nam2023b,5,0,0.0,5,42,0.9
A,Nam2023b,5,0,0.0,5,43,0.9
A,Nam2023b,5,0,0.0,5,44,0.9
A,Nam2025,5,0,0.0,5,42,0.95
A,Nam2025,5,0,0.0,5,43,0.95
A,Nam2025,5,0,0.0,5,44,0.95
A,Youn2026,5,0,0.0,5,42,1.05
A,Youn2026,5,0,0.0,5,43,1.05
A,Youn2026,5,0,0.0,5,44,1.05
A,V2I-Base,5,0,0.0,5,42,1.0
A,V2I-Base,5,0,0.0,5,43,1.0
A,V2I-Base,5,0,0.0,5,44,1.0
A,V2V-Base,5,0,0.0,5,42,0.85
A,V2V-Base,5,0,0.0,5,43,0.85
A,V2V-Base,5,0,0.0,5,44,0.85
A,Random-K,5,0,0.0,5,42,0.5
A,Random-K,5,0,0.0,5,43,0.5
A,Random-K,5,0,0.0,5,44,0.5
A,RILP,5,0,1.0,5,42,1.0
A,RILP,5,0,1.0,5,43,1.0
A,RILP,5,0,1.0,5,44,1.0
A,RILP-Greedy,5,0,1.0,5,42,1.0
A,RILP-Greedy,5,0,1.0,5,43,1.0
A,RILP-Greedy,5,0,1.0,5,44,1.0
A,Nam2023b,5,0,1.0,5,42,0.9
A,Nam2023b,5,0,1.0,5,43,0.9
A,Nam2023b,5,0,1.0,5,44,0.9
A,Nam2025,5,0,1.0,5,42,0.95
A,Nam2025,5,0,1.0,5,43,0.95
A,Nam2025,5,0,1.0,5,44,0.95
A,Youn2026,5,0,1.0,5,42,1.05
A,Youn2026,5,0,1.0,5,43,1.05
A,Youn2026,5,0,1.0,5,44,1.05
A,V2I-Base,5,0,1.0,5,42,1.0
A,V2I-Base,5,0,1.0,5,43,1.0
A,V2I-Base,5,0,1.0,5,44,1.0
A,V2V-Base,5,0,1.0,5,42,0.85
A,V2V-Base,5,0,1.0,5,43,0.85
A,V2V-Base,5,0,1.0,5,44,0.85
A,Random-K,5,0,1.0,5,42,0.5
A,Random-K,5,0,1.0,5,43,0.5
A,Random-K,5,0,1.0,5,44,0.5
A,RILP,5,0,2.0,5,42,1.0
A,RILP,5,0,2.0,5,43,1.0
A,RILP,5,0,2.0,5,44,1.0
A,RILP-Greedy,5,0,2.0,5,42,1.0
A,RILP-Greedy,5,0,2.0,5,43,1.0
A,RILP-Greedy,5,0,2.0,5,44,1.0
A,Nam2023b,5,0,2.0,5,42,0.9
A,Nam2023b,5,0,2.0,5,43,0.9
A,Nam2023b,5,0,2.0,5,44,0.9
A,Nam2025,5,0,2.0,5,42,0.95
A,Nam2025,5,0,2.0,5,43,0.95
A,Nam2025,5,0,2.0,5,44,0.95
A,Youn2026,5,0,2.0,5,42,1.05
A,Youn2026,5,0,2.0,5,43,1.05
A,Youn2026,5,0,2.0,5,44,1.05
A,V2I-Base,5,0,2.0,5,42,1.0
A,V2I-Base,5,0,2.0,5,43,1.0
A,V2I-Base,5,0,2.0,5,44,1.0
A,V2V-Base,5,0,2.0,5,42,0.85
A,V2V-Base,5,0,2.0,5,43,0.85
A,V2V-Base,5,0,2.0,5,44,0.85
A,Random-K,5,0,2.0,5,42,0.5
A,Random-K,5,0,2.0,5,43,0.5
A,Random-K,5,0,2.0,5,44,0.5
A,RILP,5,0,3.0,5,42,1.0
A,RILP,5,0,3.0,5,43,1.0
A,RILP,5,0,3.0,5,44,1.0
A,RILP-Greedy,5,0,3.0,5,42,1.0
A,RILP-Greedy,5,0,3.0,5,43,1.0
A,RILP-Greedy,5,0,3.0,5,44,1.0
A,Nam2023b,5,0,3.0,5,42,0.9
A,Nam2023b,5,0,3.0,5,43,0.9
A,Nam2023b,5,0,3.0,5,44,0.9
A,Nam2025,5,0,3.0,5,42,0.95
A,Nam2025,5,0,3.0,5,43,0.95
A,Nam2025,5,0,3.0,5,44,0.95
A,Youn2026,5,0,3.0,5,42,1.05
A,Youn2026,5,0,3.0,5,43,1.05
A,Youn2026,5,0,3.0,5,44,1.05
A,V2I-Base,5,0,3.0,5,42,1.0
A,V2I-Base,5,0,3.0,5,43,1.0
A,V2I-Base,5,0,3.0,5,44,1.0
A,V2V-Base,5,0,3.0,5,42,0.85
A,V2V-Base,5,0,3.0,5,43,0.85
A,V2V-Base,5,0,3.0,5,44,0.85
A,Random-K,5,0,3.0,5,42,0.5
A,Random-K,5,0,3.0,5,43,0.5
A,Random-K,5,0,3.0,5,44,0.5
A,RILP,5,10,0.0,5,42,1.01
A,RILP,5,10,0.0,5,43,1.01
A,RILP,5,10,0.0,5,44,1.01
A,RILP-Greedy,5,10,0.0,5,42,1.012
A,RILP-Greedy,5,10,0.0,5,43,1.012
A,RILP-Greedy,5,10,0.0,5,44,1.012
A,Nam2023b,5,10,0.0,5,42,0.9
A,Nam2023b,5,10,0.0,5,43,0.9
A,Nam2023b,5,10,0.0,5,44,0.9
A,Nam2025,5,10,0.0,5,42,0.95
A,Nam2025,5,10,0.0,5,43,0.95
A,Nam2025,5,10,0.0,5,44,0.95
A,Youn2026,5,10,0.0,5,42,1.05
A,Youn2026,5,10,0.0,5,43,1.05
A,Youn2026,5,10,0.0,5,44,1.05
A,V2I-Base,5,10,0.0,5,42,1.0
A,V2I-Base,5,10,0.0,5,43,1.0
A,V2I-Base,5,10,0.0,5,44,1.0
A,V2V-Base,5,10,0.0,5,42,0.85
A,V2V-Base,5,10,0.0,5,43,0.85
A,V2V-Base,5,10,0.0,5,44,0.85
A,Random-K,5,10,0.0,5,42,0.5
A,Random-K,5,10,0.0,5,43,0.5
A,Random-K,5,10,0.0,5,44,0.5
A,RILP,5,10,1.0,5,42,1.01
A,RILP,5,10,1.0,5,43,1.01
A,RILP,5,10,1.0,5,44,1.01
A,RILP-Greedy,5,10,1.0,5,42,1.012
A,RILP-Greedy,5,10,1.0,5,43,1.012
A,RILP-Greedy,5,10,1.0,5,44,1.012
A,Nam2023b,5,10,1.0,5,42,0.9
A,Nam2023b,5,10,1.0,5,43,0.9
A,Nam2023b,5,10,1.0,5,44,0.9
A,Nam2025,5,10,1.0,5,42,0.95
A,Nam2025,5,10,1.0,5,43,0.95
A,Nam2025,5,10,1.0,5,44,0.95
A,Youn2026,5,10,1.0,5,42,1.05
A,Youn2026,5,10,1.0,5,43,1.05
A,Youn2026,5,10,1.0,5,44,1.05
A,V2I-Base,5,10,1.0,5,42,1.0
A,V2I-Base,5,10,1.0,5,43,1.0
A,V2I-Base,5,10,1.0,5,44,1.0
A,V2V-Base,5,10,1.0,5,42,0.85
A,V2V-Base,5,10,1.0,5,43,0.85
A,V2V-Base,5,10,1.0,5,44,0.85
A,Random-K,5,10,1.0,5,42,0.5
A,Random-K,5,10,1.0,5,43,0.5
A,Random-K,5,10,1.0,5,44,0.5
A,RILP,5,10,2.0,5,42,1.01
A,RILP,5,10,2.0,5,43,1.01
A,RILP,5,10,2.0,5,44,1.01
A,RILP-Greedy,5,10,2.0,5,42,1.012
A,RILP-Greedy,5,10,2.0,5,43,1.012
A,RILP-Greedy,5,10,2.0,5,44,1.012
A,Nam2023b,5,10,2.0,5,42,0.9
A,Nam2023b,5,10,2.0,5,43,0.9
A,Nam2023b,5,10,2.0,5,44,0.9
A,Nam2025,5,10,2.0,5,42,0.95
A,Nam2025,5,10,2.0,5,43,0.95
A,Nam2025,5,10,2.0,5,44,0.95
A,Youn2026,5,10,2.0,5,42,1.05
A,Youn2026,5,10,2.0,5,43,1.05
A,Youn2026,5,10,2.0,5,44,1.05
A,V2I-Base,5,10,2.0,5,42,1.0
A,V2I-Base,5,10,2.0,5,43,1.0
A,V2I-Base,5,10,2.0,5,44,1.0
A,V2V-Base,5,10,2.0,5,42,0.85
A,V2V-Base,5,10,2.0,5,43,0.85
A,V2V-Base,5,10,2.0,5,44,0.85
A,Random-K,5,10,2.0,5,42,0.5
A,Random-K,5,10,2.0,5,43,0.5
A,Random-K,5,10,2.0,5,44,0.5
A,RILP,5,10,3.0,5,42,1.01
A,RILP,5,10,3.0,5,43,1.01
A,RILP,5,10,3.0,5,44,1.01
A,RILP-Greedy,5,10,3.0,5,42,1.012
A,RILP-Greedy,5,10,3.0,5,43,1.012
A,RILP-Greedy,5,10,3.0,5,44,1.012
A,Nam2023b,5,10,3.0,5,42,0.9
A,Nam2023b,5,10,3.0,5,43,0.9
A,Nam2023b,5,10,3.0,5,44,0.9
A,Nam2025,5,10,3.0,5,42,0.95
A,Nam2025,5,10,3.0,5,43,0.95
A,Nam2025,5,10,3.0,5,44,0.95
A,Youn2026,5,10,3.0,5,42,1.05
A,Youn2026,5,10,3.0,5,43,1.05
A,Youn2026,5,10,3.0,5,44,1.05
A,V2I-Base,5,10,3.0,5,42,1.0
A,V2I-Base,5,10,3.0,5,43,1.0
A,V2I-Base,5,10,3.0,5,44,1.0
A,V2V-Base,5,10,3.0,5,42,0.85
A,V2V-Base,5,10,3.0,5,43,0.85
A,V2V-Base,5,10,3.0,5,44,0.85
A,Random-K,5,10,3.0,5,42,0.5
A,Random-K,5,10,3.0,5,43,0.5
A,Random-K,5,10,3.0,5,44,0.5
A,RILP,5,20,0.0,5,42,1.02
A,RILP,5,20,0.0,5,43,1.02
A,RILP,5,20,0.0,5,44,1.02
A,RILP-Greedy,5,20,0.0,5,42,1.024
A,RILP-Greedy,5,20,0.0,5,43,1.024
A,RILP-Greedy,5,20,0.0,5,44,1.024
A,Nam2023b,5,20,0.0,5,42,0.9
A,Nam2023b,5,20,0.0,5,43,0.9
A,Nam2023b,5,20,0.0,5,44,0.9
A,Nam2025,5,20,0.0,5,42,0.95
A,Nam2025,5,20,0.0,5,43,0.95
A,Nam2025,5,20,0.0,5,44,0.95
A,Youn2026,5,20,0.0,5,42,1.05
A,Youn2026,5,20,0.0,5,43,1.05
A,Youn2026,5,20,0.0,5,44,1.05
A,V2I-Base,5,20,0.0,5,42,1.0
A,V2I-Base,5,20,0.0,5,43,1.0
A,V2I-Base,5,20,0.0,5,44,1.0
A,V2V-Base,5,20,0.0,5,42,0.85
A,V2V-Base,5,20,0.0,5,43,0.85
A,V2V-Base,5,20,0.0,5,44,0.85
A,Random-K,5,20,0.0,5,42,0.5
A,Random-K,5,20,0.0,5,43,0.5
A,Random-K,5,20,0.0,5,44,0.5
A,RILP,5,20,1.0,5,42,1.02
A,RILP,5,20,1.0,5,43,1.02
A,RILP,5,20,1.0,5,44,1.02
A,RILP-Greedy,5,20,1.0,5,42,1.024
A,RILP-Greedy,5,20,1.0,5,43,1.024
A,RILP-Greedy,5,20,1.0,5,44,1.024
A,Nam2023b,5,20,1.0,5,42,0.9
A,Nam2023b,5,20,1.0,5,43,0.9
A,Nam2023b,5,20,1.0,5,44,0.9
A,Nam2025,5,20,1.0,5,42,0.95
A,Nam2025,5,20,1.0,5,43,0.95
A,Nam2025,5,20,1.0,5,44,0.95
A,Youn2026,5,20,1.0,5,42,1.05
A,Youn2026,5,20,1.0,5,43,1.05
A,Youn2026,5,20,1.0,5,44,1.05
A,V2I-Base,5,20,1.0,5,42,1.0
A,V2I-Base,5,20,1.0,5,43,1.0
A,V2I-Base,5,20,1.0,5,44,1.0
A,V2V-Base,5,20,1.0,5,42,0.85
A,V2V-Base,5,20,1.0,5,43,0.85
A,V2V-Base,5,20,1.0,5,44,0.85
A,Random-K,5,20,1.0,5,42,0.5
A,Random-K,5,20,1.0,5,43,0.5
A,Random-K,5,20,1.0,5,44,0.5
A,RILP,5,20,2.0,5,42,1.02
A,RILP,5,20,2.0,5,43,1.02
A,RILP,5,20,2.0,5,44,1.02
A,RILP-Greedy,5,20,2.0,5,42,1.024
A,RILP-Greedy,5,20,2.0,5,43,1.024
A,RILP-Greedy,5,20,2.0,5,44,1.024
A,Nam2023b,5,20,2.0,5,42,0.9
A,Nam2023b,5,20,2.0,5,43,0.9
A,Nam2023b,5,20,2.0,5,44,0.9
A,Nam2025,5,20,2.0,5,42,0.95
A,Nam2025,5,20,2.0,5,43,0.95
A,Nam2025,5,20,2.0,5,44,0.95
A,Youn2026,5,20,2.0,5,42,1.05
A,Youn2026,5,20,2.0,5,43,1.05
A,Youn2026,5,20,2.0,5,44,1.05
A,V2I-Base,5,20,2.0,5,42,1.0
A,V2I-Base,5,20,2.0,5,43,1.0
A,V2I-Base,5,20,2.0,5,44,1.0
A,V2V-Base,5,20,2.0,5,42,0.85
A,V2V-Base,5,20,2.0,5,43,0.85
A,V2V-Base,5,20,2.0,5,44,0.85
A,Random-K,5,20,2.0,5,42,0.5
A,Random-K,5,20,2.0,5,43,0.5
A,Random-K,5,20,2.0,5,44,0.5
A,RILP,5,20,3.0,5,42,1.02
A,RILP,5,20,3.0,5,43,1.02
A,RILP,5,20,3.0,5,44,1.02
A,RILP-Greedy,5,20,3.0,5,42,1.024
A,RILP-Greedy,5,20,3.0,5,43,1.024
A,RILP-Greedy,5,20,3.0,5,44,1.024
A,Nam2023b,5,20,3.0,5,42,0.9
A,Nam2023b,5,20,3.0,5,43,0.9
A,Nam2023b,5,20,3.0,5,44,0.9
A,Nam2025,5,20,3.0,5,42,0.95
A,Nam2025,5,20,3.0,5,43,0.95
A,Nam2025,5,20,3.0,5,44,0.95
A,Youn2026,5,20,3.0,5,42,1.05
A,Youn2026,5,20,3.0,5,43,1.05
A,Youn2026,5,20,3.0,5,44,1.05
A,V2I-Base,5,20,3.0,5,42,1.0
A,V2I-Base,5,20,3.0,5,43,1.0
A,V2I-Base,5,20,3.0,5,44,1.0
A,V2V-Base,5,20,3.0,5,42,0.85
A,V2V-Base,5,20,3.0,5,43,0.85
A,V2V-Base,5,20,3.0,5,44,0.85
A,Random-K,5,20,3.0,5,42,0.5
A,Random-K,5,20,3.0,5,43,0.5
A,Random-K,5,20,3.0,5,44,0.5
A,RILP,5,30,0.0,5,42,1.03
A,RILP,5,30,0.0,5,43,1.03
A,RILP,5,30,0.0,5,44,1.03
A,RILP-Greedy,5,30,0.0,5,42,1.036
A,RILP-Greedy,5,30,0.0,5,43,1.036
A,RILP-Greedy,5,30,0.0,5,44,1.036
A,Nam2023b,5,30,0.0,5,42,0.9
A,Nam2023b,5,30,0.0,5,43,0.9
A,Nam2023b,5,30,0.0,5,44,0.9
A,Nam2025,5,30,0.0,5,42,0.95
A,Nam2025,5,30,0.0,5,43,0.95
A,Nam2025,5,30,0.0,5,44,0.95
A,Youn2026,5,30,0.0,5,42,1.05
A,Youn2026,5,30,0.0,5,43,1.05
A,Youn2026,5,30,0.0,5,44,1.05
A,V2I-Base,5,30,0.0,5,42,1.0
A,V2I-Base,5,30,0.0,5,43,1.0
A,V2I-Base,5,30,0.0,5,44,1.0
A,V2V-Base,5,30,0.0,5,42,0.85
A,V2V-Base,5,30,0.0,5,43,0.85
A,V2V-Base,5,30,0.0,5,44,0.85
A,Random-K,5,30,0.0,5,42,0.5
A,Random-K,5,30,0.0,5,43,0.5
A,Random-K,5,30,0.0,5,44,0.5
A,RILP,5,30,1.0,5,42,1.03
A,RILP,5,30,1.0,5,43,1.03
A,RILP,5,30,1.0,5,44,1.03
A,RILP-Greedy,5,30,1.0,5,42,1.036
A,RILP-Greedy,5,30,1.0,5,43,1.036
A,RILP-Greedy,5,30,1.0,5,44,1.036
A,Nam2023b,5,30,1.0,5,42,0.9
A,Nam2023b,5,30,1.0,5,43,0.9
A,Nam2023b,5,30,1.0,5,44,0.9
A,Nam2025,5,30,1.0,5,42,0.95
A,Nam2025,5,30,1.0,5,43,0.95
A,Nam2025,5,30,1.0,5,44,0.95
A,Youn2026,5,30,1.0,5,42,1.05
A,Youn2026,5,30,1.0,5,43,1.05
A,Youn2026,5,30,1.0,5,44,1.05
A,V2I-Base,5,30,1.0,5,42,1.0
A,V2I-Base,5,30,1.0,5,43,1.0
A,V2I-Base,5,30,1.0,5,44,1.0
A,V2V-Base,5,30,1.0,5,42,0.85
A,V2V-Base,5,30,1.0,5,43,0.85
A,V2V-Base,5,30,1.0,5,44,0.85
A,Random-K,5,30,1.0,5,42,0.5
A,Random-K,5,30,1.0,5,43,0.5
A,Random-K,5,30,1.0,5,44,0.5
A,RILP,5,30,2.0,5,42,1.03
A,RILP,5,30,2.0,5,43,1.03
A,RILP,5,30,2.0,5,44,1.03
A,RILP-Greedy,5,30,2.0,5,42,1.036
A,RILP-Greedy,5,30,2.0,5,43,1.036
A,RILP-Greedy,5,30,2.0,5,44,1.036
A,Nam2023b,5,30,2.0,5,42,0.9
A,Nam2023b,5,30,2.0,5,43,0.9
A,Nam2023b,5,30,2.0,5,44,0.9
A,Nam2025,5,30,2.0,5,42,0.95
A,Nam2025,5,30,2.0,5,43,0.95
A,Nam2025,5,30,2.0,5,44,0.95
A,Youn2026,5,30,2.0,5,42,1.05
A,Youn2026,5,30,2.0,5,43,1.05
A,Youn2026,5,30,2.0,5,44,1.05
A,V2I-Base,5,30,2.0,5,42,1.0
A,V2I-Base,5,30,2.0,5,43,1.0
A,V2I-Base,5,30,2.0,5,44,1.0
A,V2V-Base,5,30,2.0,5,42,0.85
A,V2V-Base,5,30,2.0,5,43,0.85
A,V2V-Base,5,30,2.0,5,44,0.85
A,Random-K,5,30,2.0,5,42,0.5
A,Random-K,5,30,2.0,5,43,0.5
A,Random-K,5,30,2.0,5,44,0.5
A,RILP,5,30,3.0,5,42,1.03
A,RILP,5,30,3.0,5,43,1.03
A,RILP,5,30,3.0,5,44,1.03
A,RILP-Greedy,5,30,3.0,5,42,1.036
A,RILP-Greedy,5,30,3.0,5,43,1.036
A,RILP-Greedy,5,30,3.0,5,44,1.036
A,Nam2023b,5,30,3.0,5,42,0.9
A,Nam2023b,5,30,3.0,5,43,0.9
A,Nam2023b,5,30,3.0,5,44,0.9
A,Nam2025,5,30,3.0,5,42,0.95
A,Nam2025,5,30,3.0,5,43,0.95
A,Nam2025,5,30,3.0,5,44,0.95
A,Youn2026,5,30,3.0,5,42,1.05
A,Youn2026,5,30,3.0,5,43,1.05
A,Youn2026,5,30,3.0,5,44,1.05
A,V2I-Base,5,30,3.0,5,42,1.0
A,V2I-Base,5,30,3.0,5,43,1.0
A,V2I-Base,5,30,3.0,5,44,1.0
A,V2V-Base,5,30,3.0,5,42,0.85
A,V2V-Base,5,30,3.0,5,43,0.85
A,V2V-Base,5,30,3.0,5,44,0.85
A,Random-K,5,30,3.0,5,42,0.5
A,Random-K,5,30,3.0,5,43,0.5
A,Random-K,5,30,3.0,5,44,0.5
